INSERT INTO doctor (ms3_tenant_user_id, birthday, email, lastname, name, password, tax_code, seniority) VALUES (1, '1970-01-31', 'doctor1@example.com', 'Cognome1', 'Nome1', 'password', 'TAXCODEX00000001', 0);
INSERT INTO tenantuser_systemactors (ms3_tenant_user_id, role) VALUES (1, 'DOCTOR');
INSERT INTO doctor_uffa_priority (id, general_priority, long_shift_priority, night_priority, partial_general_priority, partial_long_shift_priority, partial_night_priority, doctor_ms3_tenant_user_id, schedule_schedule_id) VALUES (1, 0, 0, 0, 0, 0, 0, 1, NULL);
INSERT INTO doctor_uffa_priority_snapshot (id, general_priority, long_shift_priority, night_priority, doctor_ms3_tenant_user_id, schedule_schedule_id) VALUES (1, 0, 0, 0, 1, NULL);
INSERT INTO doctor_holidays (doctor_holidays_id, holiday_map, doctor_ms3_tenant_user_id) VALUES (1, lo_from_bytea(0, decode('rO0ABXNyABFqYXZhLnV0aWwuSGFzaE1hcAUH2sHDFmDRAwACRgAKbG9hZEZhY3RvckkACXRocmVzaG9sZHhwP0AAAAAAAAB3CAAAABAAAAAAeA==', 'base64')), 1);
INSERT INTO preference (id, date) VALUES (1, '2026-01-01');
INSERT INTO preference_time_slots (preference_id, time_slots) VALUES (1, 1);
INSERT INTO preference_doctors (preference_id, doctors_ms3_tenant_user_id) VALUES (1, 1);
INSERT INTO doctor_preference_list (doctor_ms3_tenant_user_id, preference_list_id) VALUES (1, 1);
INSERT INTO preference (id, date) VALUES (2, '2026-01-02');
INSERT INTO preference_time_slots (preference_id, time_slots) VALUES (2, 2);
INSERT INTO preference_doctors (preference_id, doctors_ms3_tenant_user_id) VALUES (2, 1);
INSERT INTO doctor_preference_list (doctor_ms3_tenant_user_id, preference_list_id) VALUES (1, 2);
INSERT INTO doctor (ms3_tenant_user_id, birthday, email, lastname, name, password, tax_code, seniority) VALUES (2, '1970-03-02', 'doctor2@example.com', 'Cognome2', 'Nome2', 'password', 'TAXCODEX00000002', 1);
INSERT INTO tenantuser_systemactors (ms3_tenant_user_id, role) VALUES (2, 'DOCTOR');
INSERT INTO doctor_uffa_priority (id, general_priority, long_shift_priority, night_priority, partial_general_priority, partial_long_shift_priority, partial_night_priority, doctor_ms3_tenant_user_id, schedule_schedule_id) VALUES (2, 1, 1, 1, 1, 1, 1, 2, NULL);
INSERT INTO doctor_uffa_priority_snapshot (id, general_priority, long_shift_priority, night_priority, doctor_ms3_tenant_user_id, schedule_schedule_id) VALUES (2, 1, 1, 1, 2, NULL);
INSERT INTO doctor_holidays (doctor_holidays_id, holiday_map, doctor_ms3_tenant_user_id) VALUES (2, lo_from_bytea(0, decode('rO0ABXNyABFqYXZhLnV0aWwuSGFzaE1hcAUH2sHDFmDRAwACRgAKbG9hZEZhY3RvckkACXRocmVzaG9sZHhwP0AAAAAAAAB3CAAAABAAAAAAeA==', 'base64')), 2);
INSERT INTO preference (id, date) VALUES (3, '2026-01-03');
INSERT INTO preference_time_slots (preference_id, time_slots) VALUES (3, 2);
INSERT INTO preference_doctors (preference_id, doctors_ms3_tenant_user_id) VALUES (3, 2);
INSERT INTO doctor_preference_list (doctor_ms3_tenant_user_id, preference_list_id) VALUES (2, 3);
INSERT INTO preference (id, date) VALUES (4, '2026-01-04');
INSERT INTO preference_time_slots (preference_id, time_slots) VALUES (4, 0);
INSERT INTO preference_doctors (preference_id, doctors_ms3_tenant_user_id) VALUES (4, 2);
INSERT INTO doctor_preference_list (doctor_ms3_tenant_user_id, preference_list_id) VALUES (2, 4);
INSERT INTO doctor (ms3_tenant_user_id, birthday, email, lastname, name, password, tax_code, seniority) VALUES (3, '1970-04-01', 'doctor3@example.com', 'Cognome3', 'Nome3', 'password', 'TAXCODEX00000003', 2);
INSERT INTO tenantuser_systemactors (ms3_tenant_user_id, role) VALUES (3, 'DOCTOR');
INSERT INTO doctor_uffa_priority (id, general_priority, long_shift_priority, night_priority, partial_general_priority, partial_long_shift_priority, partial_night_priority, doctor_ms3_tenant_user_id, schedule_schedule_id) VALUES (3, 2, 2, 2, 2, 2, 2, 3, NULL);
INSERT INTO doctor_uffa_priority_snapshot (id, general_priority, long_shift_priority, night_priority, doctor_ms3_tenant_user_id, schedule_schedule_id) VALUES (3, 2, 2, 2, 3, NULL);
INSERT INTO doctor_holidays (doctor_holidays_id, holiday_map, doctor_ms3_tenant_user_id) VALUES (3, lo_from_bytea(0, decode('rO0ABXNyABFqYXZhLnV0aWwuSGFzaE1hcAUH2sHDFmDRAwACRgAKbG9hZEZhY3RvckkACXRocmVzaG9sZHhwP0AAAAAAAAB3CAAAABAAAAAAeA==', 'base64')), 3);
INSERT INTO preference (id, date) VALUES (5, '2026-01-05');
INSERT INTO preference_time_slots (preference_id, time_slots) VALUES (5, 0);
INSERT INTO preference_doctors (preference_id, doctors_ms3_tenant_user_id) VALUES (5, 3);
INSERT INTO doctor_preference_list (doctor_ms3_tenant_user_id, preference_list_id) VALUES (3, 5);
INSERT INTO preference (id, date) VALUES (6, '2026-01-06');
INSERT INTO preference_time_slots (preference_id, time_slots) VALUES (6, 1);
INSERT INTO preference_doctors (preference_id, doctors_ms3_tenant_user_id) VALUES (6, 3);
INSERT INTO doctor_preference_list (doctor_ms3_tenant_user_id, preference_list_id) VALUES (3, 6);
INSERT INTO doctor (ms3_tenant_user_id, birthday, email, lastname, name, password, tax_code, seniority) VALUES (4, '1970-05-01', 'doctor4@example.com', 'Cognome4', 'Nome4', 'password', 'TAXCODEX00000004', 0);
INSERT INTO tenantuser_systemactors (ms3_tenant_user_id, role) VALUES (4, 'DOCTOR');
INSERT INTO doctor_uffa_priority (id, general_priority, long_shift_priority, night_priority, partial_general_priority, partial_long_shift_priority, partial_night_priority, doctor_ms3_tenant_user_id, schedule_schedule_id) VALUES (4, 3, 3, 3, 3, 3, 3, 4, NULL);
INSERT INTO doctor_uffa_priority_snapshot (id, general_priority, long_shift_priority, night_priority, doctor_ms3_tenant_user_id, schedule_schedule_id) VALUES (4, 3, 3, 3, 4, NULL);
INSERT INTO doctor_holidays (doctor_holidays_id, holiday_map, doctor_ms3_tenant_user_id) VALUES (4, lo_from_bytea(0, decode('rO0ABXNyABFqYXZhLnV0aWwuSGFzaE1hcAUH2sHDFmDRAwACRgAKbG9hZEZhY3RvckkACXRocmVzaG9sZHhwP0AAAAAAAAB3CAAAABAAAAAAeA==', 'base64')), 4);
INSERT INTO preference (id, date) VALUES (7, '2026-01-07');
INSERT INTO preference_time_slots (preference_id, time_slots) VALUES (7, 1);
INSERT INTO preference_doctors (preference_id, doctors_ms3_tenant_user_id) VALUES (7, 4);
INSERT INTO doctor_preference_list (doctor_ms3_tenant_user_id, preference_list_id) VALUES (4, 7);
INSERT INTO preference (id, date) VALUES (8, '2026-01-08');
INSERT INTO preference_time_slots (preference_id, time_slots) VALUES (8, 2);
INSERT INTO preference_doctors (preference_id, doctors_ms3_tenant_user_id) VALUES (8, 4);
INSERT INTO doctor_preference_list (doctor_ms3_tenant_user_id, preference_list_id) VALUES (4, 8);
INSERT INTO doctor (ms3_tenant_user_id, birthday, email, lastname, name, password, tax_code, seniority) VALUES (5, '1970-05-31', 'doctor5@example.com', 'Cognome5', 'Nome5', 'password', 'TAXCODEX00000005', 1);
INSERT INTO tenantuser_systemactors (ms3_tenant_user_id, role) VALUES (5, 'DOCTOR');
INSERT INTO doctor_uffa_priority (id, general_priority, long_shift_priority, night_priority, partial_general_priority, partial_long_shift_priority, partial_night_priority, doctor_ms3_tenant_user_id, schedule_schedule_id) VALUES (5, 4, 4, 4, 4, 4, 4, 5, NULL);
INSERT INTO doctor_uffa_priority_snapshot (id, general_priority, long_shift_priority, night_priority, doctor_ms3_tenant_user_id, schedule_schedule_id) VALUES (5, 4, 4, 4, 5, NULL);
INSERT INTO doctor_holidays (doctor_holidays_id, holiday_map, doctor_ms3_tenant_user_id) VALUES (5, lo_from_bytea(0, decode('rO0ABXNyABFqYXZhLnV0aWwuSGFzaE1hcAUH2sHDFmDRAwACRgAKbG9hZEZhY3RvckkACXRocmVzaG9sZHhwP0AAAAAAAAB3CAAAABAAAAAAeA==', 'base64')), 5);
INSERT INTO preference (id, date) VALUES (9, '2026-01-09');
INSERT INTO preference_time_slots (preference_id, time_slots) VALUES (9, 2);
INSERT INTO preference_doctors (preference_id, doctors_ms3_tenant_user_id) VALUES (9, 5);
INSERT INTO doctor_preference_list (doctor_ms3_tenant_user_id, preference_list_id) VALUES (5, 9);
INSERT INTO preference (id, date) VALUES (10, '2026-01-10');
INSERT INTO preference_time_slots (preference_id, time_slots) VALUES (10, 0);
INSERT INTO preference_doctors (preference_id, doctors_ms3_tenant_user_id) VALUES (10, 5);
INSERT INTO doctor_preference_list (doctor_ms3_tenant_user_id, preference_list_id) VALUES (5, 10);
INSERT INTO doctor (ms3_tenant_user_id, birthday, email, lastname, name, password, tax_code, seniority) VALUES (6, '1970-06-30', 'doctor6@example.com', 'Cognome6', 'Nome6', 'password', 'TAXCODEX00000006', 2);
INSERT INTO tenantuser_systemactors (ms3_tenant_user_id, role) VALUES (6, 'DOCTOR');
INSERT INTO doctor_uffa_priority (id, general_priority, long_shift_priority, night_priority, partial_general_priority, partial_long_shift_priority, partial_night_priority, doctor_ms3_tenant_user_id, schedule_schedule_id) VALUES (6, 5, 5, 0, 5, 5, 0, 6, NULL);
INSERT INTO doctor_uffa_priority_snapshot (id, general_priority, long_shift_priority, night_priority, doctor_ms3_tenant_user_id, schedule_schedule_id) VALUES (6, 5, 5, 0, 6, NULL);
INSERT INTO doctor_holidays (doctor_holidays_id, holiday_map, doctor_ms3_tenant_user_id) VALUES (6, lo_from_bytea(0, decode('rO0ABXNyABFqYXZhLnV0aWwuSGFzaE1hcAUH2sHDFmDRAwACRgAKbG9hZEZhY3RvckkACXRocmVzaG9sZHhwP0AAAAAAAAB3CAAAABAAAAAAeA==', 'base64')), 6);
INSERT INTO preference (id, date) VALUES (11, '2026-01-11');
INSERT INTO preference_time_slots (preference_id, time_slots) VALUES (11, 0);
INSERT INTO preference_doctors (preference_id, doctors_ms3_tenant_user_id) VALUES (11, 6);
INSERT INTO doctor_preference_list (doctor_ms3_tenant_user_id, preference_list_id) VALUES (6, 11);
INSERT INTO preference (id, date) VALUES (12, '2026-01-12');
INSERT INTO preference_time_slots (preference_id, time_slots) VALUES (12, 1);
INSERT INTO preference_doctors (preference_id, doctors_ms3_tenant_user_id) VALUES (12, 6);
INSERT INTO doctor_preference_list (doctor_ms3_tenant_user_id, preference_list_id) VALUES (6, 12);
INSERT INTO doctor (ms3_tenant_user_id, birthday, email, lastname, name, password, tax_code, seniority) VALUES (7, '1970-07-30', 'doctor7@example.com', 'Cognome7', 'Nome7', 'password', 'TAXCODEX00000007', 0);
INSERT INTO tenantuser_systemactors (ms3_tenant_user_id, role) VALUES (7, 'DOCTOR');
INSERT INTO doctor_uffa_priority (id, general_priority, long_shift_priority, night_priority, partial_general_priority, partial_long_shift_priority, partial_night_priority, doctor_ms3_tenant_user_id, schedule_schedule_id) VALUES (7, 6, 6, 1, 6, 6, 1, 7, NULL);
INSERT INTO doctor_uffa_priority_snapshot (id, general_priority, long_shift_priority, night_priority, doctor_ms3_tenant_user_id, schedule_schedule_id) VALUES (7, 6, 6, 1, 7, NULL);
INSERT INTO doctor_holidays (doctor_holidays_id, holiday_map, doctor_ms3_tenant_user_id) VALUES (7, lo_from_bytea(0, decode('rO0ABXNyABFqYXZhLnV0aWwuSGFzaE1hcAUH2sHDFmDRAwACRgAKbG9hZEZhY3RvckkACXRocmVzaG9sZHhwP0AAAAAAAAB3CAAAABAAAAAAeA==', 'base64')), 7);
INSERT INTO preference (id, date) VALUES (13, '2026-01-13');
INSERT INTO preference_time_slots (preference_id, time_slots) VALUES (13, 1);
INSERT INTO preference_doctors (preference_id, doctors_ms3_tenant_user_id) VALUES (13, 7);
INSERT INTO doctor_preference_list (doctor_ms3_tenant_user_id, preference_list_id) VALUES (7, 13);
INSERT INTO preference (id, date) VALUES (14, '2026-01-14');
INSERT INTO preference_time_slots (preference_id, time_slots) VALUES (14, 2);
INSERT INTO preference_doctors (preference_id, doctors_ms3_tenant_user_id) VALUES (14, 7);
INSERT INTO doctor_preference_list (doctor_ms3_tenant_user_id, preference_list_id) VALUES (7, 14);
INSERT INTO doctor (ms3_tenant_user_id, birthday, email, lastname, name, password, tax_code, seniority) VALUES (8, '1970-08-29', 'doctor8@example.com', 'Cognome8', 'Nome8', 'password', 'TAXCODEX00000008', 1);
INSERT INTO tenantuser_systemactors (ms3_tenant_user_id, role) VALUES (8, 'DOCTOR');
INSERT INTO doctor_uffa_priority (id, general_priority, long_shift_priority, night_priority, partial_general_priority, partial_long_shift_priority, partial_night_priority, doctor_ms3_tenant_user_id, schedule_schedule_id) VALUES (8, 7, 0, 2, 7, 0, 2, 8, NULL);
INSERT INTO doctor_uffa_priority_snapshot (id, general_priority, long_shift_priority, night_priority, doctor_ms3_tenant_user_id, schedule_schedule_id) VALUES (8, 7, 0, 2, 8, NULL);
INSERT INTO doctor_holidays (doctor_holidays_id, holiday_map, doctor_ms3_tenant_user_id) VALUES (8, lo_from_bytea(0, decode('rO0ABXNyABFqYXZhLnV0aWwuSGFzaE1hcAUH2sHDFmDRAwACRgAKbG9hZEZhY3RvckkACXRocmVzaG9sZHhwP0AAAAAAAAB3CAAAABAAAAAAeA==', 'base64')), 8);
INSERT INTO preference (id, date) VALUES (15, '2026-01-15');
INSERT INTO preference_time_slots (preference_id, time_slots) VALUES (15, 2);
INSERT INTO preference_doctors (preference_id, doctors_ms3_tenant_user_id) VALUES (15, 8);
INSERT INTO doctor_preference_list (doctor_ms3_tenant_user_id, preference_list_id) VALUES (8, 15);
INSERT INTO preference (id, date) VALUES (16, '2026-01-16');
INSERT INTO preference_time_slots (preference_id, time_slots) VALUES (16, 0);
INSERT INTO preference_doctors (preference_id, doctors_ms3_tenant_user_id) VALUES (16, 8);
INSERT INTO doctor_preference_list (doctor_ms3_tenant_user_id, preference_list_id) VALUES (8, 16);
INSERT INTO doctor (ms3_tenant_user_id, birthday, email, lastname, name, password, tax_code, seniority) VALUES (9, '1970-09-28', 'doctor9@example.com', 'Cognome9', 'Nome9', 'password', 'TAXCODEX00000009', 2);
INSERT INTO tenantuser_systemactors (ms3_tenant_user_id, role) VALUES (9, 'DOCTOR');
INSERT INTO doctor_uffa_priority (id, general_priority, long_shift_priority, night_priority, partial_general_priority, partial_long_shift_priority, partial_night_priority, doctor_ms3_tenant_user_id, schedule_schedule_id) VALUES (9, 8, 1, 3, 8, 1, 3, 9, NULL);
INSERT INTO doctor_uffa_priority_snapshot (id, general_priority, long_shift_priority, night_priority, doctor_ms3_tenant_user_id, schedule_schedule_id) VALUES (9, 8, 1, 3, 9, NULL);
INSERT INTO doctor_holidays (doctor_holidays_id, holiday_map, doctor_ms3_tenant_user_id) VALUES (9, lo_from_bytea(0, decode('rO0ABXNyABFqYXZhLnV0aWwuSGFzaE1hcAUH2sHDFmDRAwACRgAKbG9hZEZhY3RvckkACXRocmVzaG9sZHhwP0AAAAAAAAB3CAAAABAAAAAAeA==', 'base64')), 9);
INSERT INTO preference (id, date) VALUES (17, '2026-01-17');
INSERT INTO preference_time_slots (preference_id, time_slots) VALUES (17, 0);
INSERT INTO preference_doctors (preference_id, doctors_ms3_tenant_user_id) VALUES (17, 9);
INSERT INTO doctor_preference_list (doctor_ms3_tenant_user_id, preference_list_id) VALUES (9, 17);
INSERT INTO preference (id, date) VALUES (18, '2026-01-18');
INSERT INTO preference_time_slots (preference_id, time_slots) VALUES (18, 1);
INSERT INTO preference_doctors (preference_id, doctors_ms3_tenant_user_id) VALUES (18, 9);
INSERT INTO doctor_preference_list (doctor_ms3_tenant_user_id, preference_list_id) VALUES (9, 18);
INSERT INTO doctor (ms3_tenant_user_id, birthday, email, lastname, name, password, tax_code, seniority) VALUES (10, '1970-10-28', 'doctor10@example.com', 'Cognome10', 'Nome10', 'password', 'TAXCODEX00000010', 0);
INSERT INTO tenantuser_systemactors (ms3_tenant_user_id, role) VALUES (10, 'DOCTOR');
INSERT INTO doctor_uffa_priority (id, general_priority, long_shift_priority, night_priority, partial_general_priority, partial_long_shift_priority, partial_night_priority, doctor_ms3_tenant_user_id, schedule_schedule_id) VALUES (10, 9, 2, 4, 9, 2, 4, 10, NULL);
INSERT INTO doctor_uffa_priority_snapshot (id, general_priority, long_shift_priority, night_priority, doctor_ms3_tenant_user_id, schedule_schedule_id) VALUES (10, 9, 2, 4, 10, NULL);
INSERT INTO doctor_holidays (doctor_holidays_id, holiday_map, doctor_ms3_tenant_user_id) VALUES (10, lo_from_bytea(0, decode('rO0ABXNyABFqYXZhLnV0aWwuSGFzaE1hcAUH2sHDFmDRAwACRgAKbG9hZEZhY3RvckkACXRocmVzaG9sZHhwP0AAAAAAAAB3CAAAABAAAAAAeA==', 'base64')), 10);
INSERT INTO preference (id, date) VALUES (19, '2026-01-19');
INSERT INTO preference_time_slots (preference_id, time_slots) VALUES (19, 1);
INSERT INTO preference_doctors (preference_id, doctors_ms3_tenant_user_id) VALUES (19, 10);
INSERT INTO doctor_preference_list (doctor_ms3_tenant_user_id, preference_list_id) VALUES (10, 19);
INSERT INTO preference (id, date) VALUES (20, '2026-01-20');
INSERT INTO preference_time_slots (preference_id, time_slots) VALUES (20, 2);
INSERT INTO preference_doctors (preference_id, doctors_ms3_tenant_user_id) VALUES (20, 10);
INSERT INTO doctor_preference_list (doctor_ms3_tenant_user_id, preference_list_id) VALUES (10, 20);
INSERT INTO doctor (ms3_tenant_user_id, birthday, email, lastname, name, password, tax_code, seniority) VALUES (11, '1970-11-27', 'doctor11@example.com', 'Cognome11', 'Nome11', 'password', 'TAXCODEX00000011', 1);
INSERT INTO tenantuser_systemactors (ms3_tenant_user_id, role) VALUES (11, 'DOCTOR');
INSERT INTO doctor_uffa_priority (id, general_priority, long_shift_priority, night_priority, partial_general_priority, partial_long_shift_priority, partial_night_priority, doctor_ms3_tenant_user_id, schedule_schedule_id) VALUES (11, 0, 3, 0, 0, 3, 0, 11, NULL);
INSERT INTO doctor_uffa_priority_snapshot (id, general_priority, long_shift_priority, night_priority, doctor_ms3_tenant_user_id, schedule_schedule_id) VALUES (11, 0, 3, 0, 11, NULL);
INSERT INTO doctor_holidays (doctor_holidays_id, holiday_map, doctor_ms3_tenant_user_id) VALUES (11, lo_from_bytea(0, decode('rO0ABXNyABFqYXZhLnV0aWwuSGFzaE1hcAUH2sHDFmDRAwACRgAKbG9hZEZhY3RvckkACXRocmVzaG9sZHhwP0AAAAAAAAB3CAAAABAAAAAAeA==', 'base64')), 11);
INSERT INTO preference (id, date) VALUES (21, '2026-01-21');
INSERT INTO preference_time_slots (preference_id, time_slots) VALUES (21, 2);
INSERT INTO preference_doctors (preference_id, doctors_ms3_tenant_user_id) VALUES (21, 11);
INSERT INTO doctor_preference_list (doctor_ms3_tenant_user_id, preference_list_id) VALUES (11, 21);
INSERT INTO preference (id, date) VALUES (22, '2026-01-22');
INSERT INTO preference_time_slots (preference_id, time_slots) VALUES (22, 0);
INSERT INTO preference_doctors (preference_id, doctors_ms3_tenant_user_id) VALUES (22, 11);
INSERT INTO doctor_preference_list (doctor_ms3_tenant_user_id, preference_list_id) VALUES (11, 22);
INSERT INTO doctor (ms3_tenant_user_id, birthday, email, lastname, name, password, tax_code, seniority) VALUES (12, '1970-12-27', 'doctor12@example.com', 'Cognome12', 'Nome12', 'password', 'TAXCODEX00000012', 2);
INSERT INTO tenantuser_systemactors (ms3_tenant_user_id, role) VALUES (12, 'DOCTOR');
INSERT INTO doctor_uffa_priority (id, general_priority, long_shift_priority, night_priority, partial_general_priority, partial_long_shift_priority, partial_night_priority, doctor_ms3_tenant_user_id, schedule_schedule_id) VALUES (12, 1, 4, 1, 1, 4, 1, 12, NULL);
INSERT INTO doctor_uffa_priority_snapshot (id, general_priority, long_shift_priority, night_priority, doctor_ms3_tenant_user_id, schedule_schedule_id) VALUES (12, 1, 4, 1, 12, NULL);
INSERT INTO doctor_holidays (doctor_holidays_id, holiday_map, doctor_ms3_tenant_user_id) VALUES (12, lo_from_bytea(0, decode('rO0ABXNyABFqYXZhLnV0aWwuSGFzaE1hcAUH2sHDFmDRAwACRgAKbG9hZEZhY3RvckkACXRocmVzaG9sZHhwP0AAAAAAAAB3CAAAABAAAAAAeA==', 'base64')), 12);
INSERT INTO preference (id, date) VALUES (23, '2026-01-23');
INSERT INTO preference_time_slots (preference_id, time_slots) VALUES (23, 0);
INSERT INTO preference_doctors (preference_id, doctors_ms3_tenant_user_id) VALUES (23, 12);
INSERT INTO doctor_preference_list (doctor_ms3_tenant_user_id, preference_list_id) VALUES (12, 23);
INSERT INTO preference (id, date) VALUES (24, '2026-01-24');
INSERT INTO preference_time_slots (preference_id, time_slots) VALUES (24, 1);
INSERT INTO preference_doctors (preference_id, doctors_ms3_tenant_user_id) VALUES (24, 12);
INSERT INTO doctor_preference_list (doctor_ms3_tenant_user_id, preference_list_id) VALUES (12, 24);
INSERT INTO doctor (ms3_tenant_user_id, birthday, email, lastname, name, password, tax_code, seniority) VALUES (13, '1971-01-26', 'doctor13@example.com', 'Cognome13', 'Nome13', 'password', 'TAXCODEX00000013', 0);
INSERT INTO tenantuser_systemactors (ms3_tenant_user_id, role) VALUES (13, 'DOCTOR');
INSERT INTO doctor_uffa_priority (id, general_priority, long_shift_priority, night_priority, partial_general_priority, partial_long_shift_priority, partial_night_priority, doctor_ms3_tenant_user_id, schedule_schedule_id) VALUES (13, 2, 5, 2, 2, 5, 2, 13, NULL);
INSERT INTO doctor_uffa_priority_snapshot (id, general_priority, long_shift_priority, night_priority, doctor_ms3_tenant_user_id, schedule_schedule_id) VALUES (13, 2, 5, 2, 13, NULL);
INSERT INTO doctor_holidays (doctor_holidays_id, holiday_map, doctor_ms3_tenant_user_id) VALUES (13, lo_from_bytea(0, decode('rO0ABXNyABFqYXZhLnV0aWwuSGFzaE1hcAUH2sHDFmDRAwACRgAKbG9hZEZhY3RvckkACXRocmVzaG9sZHhwP0AAAAAAAAB3CAAAABAAAAAAeA==', 'base64')), 13);
INSERT INTO preference (id, date) VALUES (25, '2026-01-25');
INSERT INTO preference_time_slots (preference_id, time_slots) VALUES (25, 1);
INSERT INTO preference_doctors (preference_id, doctors_ms3_tenant_user_id) VALUES (25, 13);
INSERT INTO doctor_preference_list (doctor_ms3_tenant_user_id, preference_list_id) VALUES (13, 25);
INSERT INTO preference (id, date) VALUES (26, '2026-01-26');
INSERT INTO preference_time_slots (preference_id, time_slots) VALUES (26, 2);
INSERT INTO preference_doctors (preference_id, doctors_ms3_tenant_user_id) VALUES (26, 13);
INSERT INTO doctor_preference_list (doctor_ms3_tenant_user_id, preference_list_id) VALUES (13, 26);
INSERT INTO doctor (ms3_tenant_user_id, birthday, email, lastname, name, password, tax_code, seniority) VALUES (14, '1971-02-25', 'doctor14@example.com', 'Cognome14', 'Nome14', 'password', 'TAXCODEX00000014', 1);
INSERT INTO tenantuser_systemactors (ms3_tenant_user_id, role) VALUES (14, 'DOCTOR');
INSERT INTO doctor_uffa_priority (id, general_priority, long_shift_priority, night_priority, partial_general_priority, partial_long_shift_priority, partial_night_priority, doctor_ms3_tenant_user_id, schedule_schedule_id) VALUES (14, 3, 6, 3, 3, 6, 3, 14, NULL);
INSERT INTO doctor_uffa_priority_snapshot (id, general_priority, long_shift_priority, night_priority, doctor_ms3_tenant_user_id, schedule_schedule_id) VALUES (14, 3, 6, 3, 14, NULL);
INSERT INTO doctor_holidays (doctor_holidays_id, holiday_map, doctor_ms3_tenant_user_id) VALUES (14, lo_from_bytea(0, decode('rO0ABXNyABFqYXZhLnV0aWwuSGFzaE1hcAUH2sHDFmDRAwACRgAKbG9hZEZhY3RvckkACXRocmVzaG9sZHhwP0AAAAAAAAB3CAAAABAAAAAAeA==', 'base64')), 14);
INSERT INTO preference (id, date) VALUES (27, '2026-01-27');
INSERT INTO preference_time_slots (preference_id, time_slots) VALUES (27, 2);
INSERT INTO preference_doctors (preference_id, doctors_ms3_tenant_user_id) VALUES (27, 14);
INSERT INTO doctor_preference_list (doctor_ms3_tenant_user_id, preference_list_id) VALUES (14, 27);
INSERT INTO preference (id, date) VALUES (28, '2026-01-28');
INSERT INTO preference_time_slots (preference_id, time_slots) VALUES (28, 0);
INSERT INTO preference_doctors (preference_id, doctors_ms3_tenant_user_id) VALUES (28, 14);
INSERT INTO doctor_preference_list (doctor_ms3_tenant_user_id, preference_list_id) VALUES (14, 28);
INSERT INTO doctor (ms3_tenant_user_id, birthday, email, lastname, name, password, tax_code, seniority) VALUES (15, '1971-03-27', 'doctor15@example.com', 'Cognome15', 'Nome15', 'password', 'TAXCODEX00000015', 2);
INSERT INTO tenantuser_systemactors (ms3_tenant_user_id, role) VALUES (15, 'DOCTOR');
INSERT INTO doctor_uffa_priority (id, general_priority, long_shift_priority, night_priority, partial_general_priority, partial_long_shift_priority, partial_night_priority, doctor_ms3_tenant_user_id, schedule_schedule_id) VALUES (15, 4, 0, 4, 4, 0, 4, 15, NULL);
INSERT INTO doctor_uffa_priority_snapshot (id, general_priority, long_shift_priority, night_priority, doctor_ms3_tenant_user_id, schedule_schedule_id) VALUES (15, 4, 0, 4, 15, NULL);
INSERT INTO doctor_holidays (doctor_holidays_id, holiday_map, doctor_ms3_tenant_user_id) VALUES (15, lo_from_bytea(0, decode('rO0ABXNyABFqYXZhLnV0aWwuSGFzaE1hcAUH2sHDFmDRAwACRgAKbG9hZEZhY3RvckkACXRocmVzaG9sZHhwP0AAAAAAAAB3CAAAABAAAAAAeA==', 'base64')), 15);
INSERT INTO preference (id, date) VALUES (29, '2026-01-29');
INSERT INTO preference_time_slots (preference_id, time_slots) VALUES (29, 0);
INSERT INTO preference_doctors (preference_id, doctors_ms3_tenant_user_id) VALUES (29, 15);
INSERT INTO doctor_preference_list (doctor_ms3_tenant_user_id, preference_list_id) VALUES (15, 29);
INSERT INTO preference (id, date) VALUES (30, '2026-01-30');
INSERT INTO preference_time_slots (preference_id, time_slots) VALUES (30, 1);
INSERT INTO preference_doctors (preference_id, doctors_ms3_tenant_user_id) VALUES (30, 15);
INSERT INTO doctor_preference_list (doctor_ms3_tenant_user_id, preference_list_id) VALUES (15, 30);
INSERT INTO doctor (ms3_tenant_user_id, birthday, email, lastname, name, password, tax_code, seniority) VALUES (16, '1971-04-26', 'doctor16@example.com', 'Cognome16', 'Nome16', 'password', 'TAXCODEX00000016', 0);
INSERT INTO tenantuser_systemactors (ms3_tenant_user_id, role) VALUES (16, 'DOCTOR');
INSERT INTO doctor_uffa_priority (id, general_priority, long_shift_priority, night_priority, partial_general_priority, partial_long_shift_priority, partial_night_priority, doctor_ms3_tenant_user_id, schedule_schedule_id) VALUES (16, 5, 1, 0, 5, 1, 0, 16, NULL);
INSERT INTO doctor_uffa_priority_snapshot (id, general_priority, long_shift_priority, night_priority, doctor_ms3_tenant_user_id, schedule_schedule_id) VALUES (16, 5, 1, 0, 16, NULL);
INSERT INTO doctor_holidays (doctor_holidays_id, holiday_map, doctor_ms3_tenant_user_id) VALUES (16, lo_from_bytea(0, decode('rO0ABXNyABFqYXZhLnV0aWwuSGFzaE1hcAUH2sHDFmDRAwACRgAKbG9hZEZhY3RvckkACXRocmVzaG9sZHhwP0AAAAAAAAB3CAAAABAAAAAAeA==', 'base64')), 16);
INSERT INTO preference (id, date) VALUES (31, '2026-01-31');
INSERT INTO preference_time_slots (preference_id, time_slots) VALUES (31, 1);
INSERT INTO preference_doctors (preference_id, doctors_ms3_tenant_user_id) VALUES (31, 16);
INSERT INTO doctor_preference_list (doctor_ms3_tenant_user_id, preference_list_id) VALUES (16, 31);
INSERT INTO preference (id, date) VALUES (32, '2026-02-01');
INSERT INTO preference_time_slots (preference_id, time_slots) VALUES (32, 2);
INSERT INTO preference_doctors (preference_id, doctors_ms3_tenant_user_id) VALUES (32, 16);
INSERT INTO doctor_preference_list (doctor_ms3_tenant_user_id, preference_list_id) VALUES (16, 32);
INSERT INTO doctor (ms3_tenant_user_id, birthday, email, lastname, name, password, tax_code, seniority) VALUES (17, '1971-05-26', 'doctor17@example.com', 'Cognome17', 'Nome17', 'password', 'TAXCODEX00000017', 1);
INSERT INTO tenantuser_systemactors (ms3_tenant_user_id, role) VALUES (17, 'DOCTOR');
INSERT INTO doctor_uffa_priority (id, general_priority, long_shift_priority, night_priority, partial_general_priority, partial_long_shift_priority, partial_night_priority, doctor_ms3_tenant_user_id, schedule_schedule_id) VALUES (17, 6, 2, 1, 6, 2, 1, 17, NULL);
INSERT INTO doctor_uffa_priority_snapshot (id, general_priority, long_shift_priority, night_priority, doctor_ms3_tenant_user_id, schedule_schedule_id) VALUES (17, 6, 2, 1, 17, NULL);
INSERT INTO doctor_holidays (doctor_holidays_id, holiday_map, doctor_ms3_tenant_user_id) VALUES (17, lo_from_bytea(0, decode('rO0ABXNyABFqYXZhLnV0aWwuSGFzaE1hcAUH2sHDFmDRAwACRgAKbG9hZEZhY3RvckkACXRocmVzaG9sZHhwP0AAAAAAAAB3CAAAABAAAAAAeA==', 'base64')), 17);
INSERT INTO preference (id, date) VALUES (33, '2026-02-02');
INSERT INTO preference_time_slots (preference_id, time_slots) VALUES (33, 2);
INSERT INTO preference_doctors (preference_id, doctors_ms3_tenant_user_id) VALUES (33, 17);
INSERT INTO doctor_preference_list (doctor_ms3_tenant_user_id, preference_list_id) VALUES (17, 33);
INSERT INTO preference (id, date) VALUES (34, '2026-02-03');
INSERT INTO preference_time_slots (preference_id, time_slots) VALUES (34, 0);
INSERT INTO preference_doctors (preference_id, doctors_ms3_tenant_user_id) VALUES (34, 17);
INSERT INTO doctor_preference_list (doctor_ms3_tenant_user_id, preference_list_id) VALUES (17, 34);
INSERT INTO doctor (ms3_tenant_user_id, birthday, email, lastname, name, password, tax_code, seniority) VALUES (18, '1971-06-25', 'doctor18@example.com', 'Cognome18', 'Nome18', 'password', 'TAXCODEX00000018', 2);
INSERT INTO tenantuser_systemactors (ms3_tenant_user_id, role) VALUES (18, 'DOCTOR');
INSERT INTO doctor_uffa_priority (id, general_priority, long_shift_priority, night_priority, partial_general_priority, partial_long_shift_priority, partial_night_priority, doctor_ms3_tenant_user_id, schedule_schedule_id) VALUES (18, 7, 3, 2, 7, 3, 2, 18, NULL);
INSERT INTO doctor_uffa_priority_snapshot (id, general_priority, long_shift_priority, night_priority, doctor_ms3_tenant_user_id, schedule_schedule_id) VALUES (18, 7, 3, 2, 18, NULL);
INSERT INTO doctor_holidays (doctor_holidays_id, holiday_map, doctor_ms3_tenant_user_id) VALUES (18, lo_from_bytea(0, decode('rO0ABXNyABFqYXZhLnV0aWwuSGFzaE1hcAUH2sHDFmDRAwACRgAKbG9hZEZhY3RvckkACXRocmVzaG9sZHhwP0AAAAAAAAB3CAAAABAAAAAAeA==', 'base64')), 18);
INSERT INTO preference (id, date) VALUES (35, '2026-02-04');
INSERT INTO preference_time_slots (preference_id, time_slots) VALUES (35, 0);
INSERT INTO preference_doctors (preference_id, doctors_ms3_tenant_user_id) VALUES (35, 18);
INSERT INTO doctor_preference_list (doctor_ms3_tenant_user_id, preference_list_id) VALUES (18, 35);
INSERT INTO preference (id, date) VALUES (36, '2026-02-05');
INSERT INTO preference_time_slots (preference_id, time_slots) VALUES (36, 1);
INSERT INTO preference_doctors (preference_id, doctors_ms3_tenant_user_id) VALUES (36, 18);
INSERT INTO doctor_preference_list (doctor_ms3_tenant_user_id, preference_list_id) VALUES (18, 36);
INSERT INTO doctor (ms3_tenant_user_id, birthday, email, lastname, name, password, tax_code, seniority) VALUES (19, '1971-07-25', 'doctor19@example.com', 'Cognome19', 'Nome19', 'password', 'TAXCODEX00000019', 0);
INSERT INTO tenantuser_systemactors (ms3_tenant_user_id, role) VALUES (19, 'DOCTOR');
INSERT INTO doctor_uffa_priority (id, general_priority, long_shift_priority, night_priority, partial_general_priority, partial_long_shift_priority, partial_night_priority, doctor_ms3_tenant_user_id, schedule_schedule_id) VALUES (19, 8, 4, 3, 8, 4, 3, 19, NULL);
INSERT INTO doctor_uffa_priority_snapshot (id, general_priority, long_shift_priority, night_priority, doctor_ms3_tenant_user_id, schedule_schedule_id) VALUES (19, 8, 4, 3, 19, NULL);
INSERT INTO doctor_holidays (doctor_holidays_id, holiday_map, doctor_ms3_tenant_user_id) VALUES (19, lo_from_bytea(0, decode('rO0ABXNyABFqYXZhLnV0aWwuSGFzaE1hcAUH2sHDFmDRAwACRgAKbG9hZEZhY3RvckkACXRocmVzaG9sZHhwP0AAAAAAAAB3CAAAABAAAAAAeA==', 'base64')), 19);
INSERT INTO preference (id, date) VALUES (37, '2026-02-06');
INSERT INTO preference_time_slots (preference_id, time_slots) VALUES (37, 1);
INSERT INTO preference_doctors (preference_id, doctors_ms3_tenant_user_id) VALUES (37, 19);
INSERT INTO doctor_preference_list (doctor_ms3_tenant_user_id, preference_list_id) VALUES (19, 37);
INSERT INTO preference (id, date) VALUES (38, '2026-02-07');
INSERT INTO preference_time_slots (preference_id, time_slots) VALUES (38, 2);
INSERT INTO preference_doctors (preference_id, doctors_ms3_tenant_user_id) VALUES (38, 19);
INSERT INTO doctor_preference_list (doctor_ms3_tenant_user_id, preference_list_id) VALUES (19, 38);
INSERT INTO doctor (ms3_tenant_user_id, birthday, email, lastname, name, password, tax_code, seniority) VALUES (20, '1971-08-24', 'doctor20@example.com', 'Cognome20', 'Nome20', 'password', 'TAXCODEX00000020', 1);
INSERT INTO tenantuser_systemactors (ms3_tenant_user_id, role) VALUES (20, 'DOCTOR');
INSERT INTO doctor_uffa_priority (id, general_priority, long_shift_priority, night_priority, partial_general_priority, partial_long_shift_priority, partial_night_priority, doctor_ms3_tenant_user_id, schedule_schedule_id) VALUES (20, 9, 5, 4, 9, 5, 4, 20, NULL);
INSERT INTO doctor_uffa_priority_snapshot (id, general_priority, long_shift_priority, night_priority, doctor_ms3_tenant_user_id, schedule_schedule_id) VALUES (20, 9, 5, 4, 20, NULL);
INSERT INTO doctor_holidays (doctor_holidays_id, holiday_map, doctor_ms3_tenant_user_id) VALUES (20, lo_from_bytea(0, decode('rO0ABXNyABFqYXZhLnV0aWwuSGFzaE1hcAUH2sHDFmDRAwACRgAKbG9hZEZhY3RvckkACXRocmVzaG9sZHhwP0AAAAAAAAB3CAAAABAAAAAAeA==', 'base64')), 20);
INSERT INTO preference (id, date) VALUES (39, '2026-02-08');
INSERT INTO preference_time_slots (preference_id, time_slots) VALUES (39, 2);
INSERT INTO preference_doctors (preference_id, doctors_ms3_tenant_user_id) VALUES (39, 20);
INSERT INTO doctor_preference_list (doctor_ms3_tenant_user_id, preference_list_id) VALUES (20, 39);
INSERT INTO preference (id, date) VALUES (40, '2026-02-09');
INSERT INTO preference_time_slots (preference_id, time_slots) VALUES (40, 0);
INSERT INTO preference_doctors (preference_id, doctors_ms3_tenant_user_id) VALUES (40, 20);
INSERT INTO doctor_preference_list (doctor_ms3_tenant_user_id, preference_list_id) VALUES (20, 40);
INSERT INTO doctor (ms3_tenant_user_id, birthday, email, lastname, name, password, tax_code, seniority) VALUES (21, '1971-09-23', 'doctor21@example.com', 'Cognome21', 'Nome21', 'password', 'TAXCODEX00000021', 2);
INSERT INTO tenantuser_systemactors (ms3_tenant_user_id, role) VALUES (21, 'DOCTOR');
INSERT INTO doctor_uffa_priority (id, general_priority, long_shift_priority, night_priority, partial_general_priority, partial_long_shift_priority, partial_night_priority, doctor_ms3_tenant_user_id, schedule_schedule_id) VALUES (21, 0, 6, 0, 0, 6, 0, 21, NULL);
INSERT INTO doctor_uffa_priority_snapshot (id, general_priority, long_shift_priority, night_priority, doctor_ms3_tenant_user_id, schedule_schedule_id) VALUES (21, 0, 6, 0, 21, NULL);
INSERT INTO doctor_holidays (doctor_holidays_id, holiday_map, doctor_ms3_tenant_user_id) VALUES (21, lo_from_bytea(0, decode('rO0ABXNyABFqYXZhLnV0aWwuSGFzaE1hcAUH2sHDFmDRAwACRgAKbG9hZEZhY3RvckkACXRocmVzaG9sZHhwP0AAAAAAAAB3CAAAABAAAAAAeA==', 'base64')), 21);
INSERT INTO preference (id, date) VALUES (41, '2026-02-10');
INSERT INTO preference_time_slots (preference_id, time_slots) VALUES (41, 0);
INSERT INTO preference_doctors (preference_id, doctors_ms3_tenant_user_id) VALUES (41, 21);
INSERT INTO doctor_preference_list (doctor_ms3_tenant_user_id, preference_list_id) VALUES (21, 41);
INSERT INTO preference (id, date) VALUES (42, '2026-02-11');
INSERT INTO preference_time_slots (preference_id, time_slots) VALUES (42, 1);
INSERT INTO preference_doctors (preference_id, doctors_ms3_tenant_user_id) VALUES (42, 21);
INSERT INTO doctor_preference_list (doctor_ms3_tenant_user_id, preference_list_id) VALUES (21, 42);
INSERT INTO doctor (ms3_tenant_user_id, birthday, email, lastname, name, password, tax_code, seniority) VALUES (22, '1971-10-23', 'doctor22@example.com', 'Cognome22', 'Nome22', 'password', 'TAXCODEX00000022', 0);
INSERT INTO tenantuser_systemactors (ms3_tenant_user_id, role) VALUES (22, 'DOCTOR');
INSERT INTO doctor_uffa_priority (id, general_priority, long_shift_priority, night_priority, partial_general_priority, partial_long_shift_priority, partial_night_priority, doctor_ms3_tenant_user_id, schedule_schedule_id) VALUES (22, 1, 0, 1, 1, 0, 1, 22, NULL);
INSERT INTO doctor_uffa_priority_snapshot (id, general_priority, long_shift_priority, night_priority, doctor_ms3_tenant_user_id, schedule_schedule_id) VALUES (22, 1, 0, 1, 22, NULL);
INSERT INTO doctor_holidays (doctor_holidays_id, holiday_map, doctor_ms3_tenant_user_id) VALUES (22, lo_from_bytea(0, decode('rO0ABXNyABFqYXZhLnV0aWwuSGFzaE1hcAUH2sHDFmDRAwACRgAKbG9hZEZhY3RvckkACXRocmVzaG9sZHhwP0AAAAAAAAB3CAAAABAAAAAAeA==', 'base64')), 22);
INSERT INTO preference (id, date) VALUES (43, '2026-02-12');
INSERT INTO preference_time_slots (preference_id, time_slots) VALUES (43, 1);
INSERT INTO preference_doctors (preference_id, doctors_ms3_tenant_user_id) VALUES (43, 22);
INSERT INTO doctor_preference_list (doctor_ms3_tenant_user_id, preference_list_id) VALUES (22, 43);
INSERT INTO preference (id, date) VALUES (44, '2026-02-13');
INSERT INTO preference_time_slots (preference_id, time_slots) VALUES (44, 2);
INSERT INTO preference_doctors (preference_id, doctors_ms3_tenant_user_id) VALUES (44, 22);
INSERT INTO doctor_preference_list (doctor_ms3_tenant_user_id, preference_list_id) VALUES (22, 44);
INSERT INTO doctor (ms3_tenant_user_id, birthday, email, lastname, name, password, tax_code, seniority) VALUES (23, '1971-11-22', 'doctor23@example.com', 'Cognome23', 'Nome23', 'password', 'TAXCODEX00000023', 1);
INSERT INTO tenantuser_systemactors (ms3_tenant_user_id, role) VALUES (23, 'DOCTOR');
INSERT INTO doctor_uffa_priority (id, general_priority, long_shift_priority, night_priority, partial_general_priority, partial_long_shift_priority, partial_night_priority, doctor_ms3_tenant_user_id, schedule_schedule_id) VALUES (23, 2, 1, 2, 2, 1, 2, 23, NULL);
INSERT INTO doctor_uffa_priority_snapshot (id, general_priority, long_shift_priority, night_priority, doctor_ms3_tenant_user_id, schedule_schedule_id) VALUES (23, 2, 1, 2, 23, NULL);
INSERT INTO doctor_holidays (doctor_holidays_id, holiday_map, doctor_ms3_tenant_user_id) VALUES (23, lo_from_bytea(0, decode('rO0ABXNyABFqYXZhLnV0aWwuSGFzaE1hcAUH2sHDFmDRAwACRgAKbG9hZEZhY3RvckkACXRocmVzaG9sZHhwP0AAAAAAAAB3CAAAABAAAAAAeA==', 'base64')), 23);
INSERT INTO preference (id, date) VALUES (45, '2026-02-14');
INSERT INTO preference_time_slots (preference_id, time_slots) VALUES (45, 2);
INSERT INTO preference_doctors (preference_id, doctors_ms3_tenant_user_id) VALUES (45, 23);
INSERT INTO doctor_preference_list (doctor_ms3_tenant_user_id, preference_list_id) VALUES (23, 45);
INSERT INTO preference (id, date) VALUES (46, '2026-02-15');
INSERT INTO preference_time_slots (preference_id, time_slots) VALUES (46, 0);
INSERT INTO preference_doctors (preference_id, doctors_ms3_tenant_user_id) VALUES (46, 23);
INSERT INTO doctor_preference_list (doctor_ms3_tenant_user_id, preference_list_id) VALUES (23, 46);
INSERT INTO doctor (ms3_tenant_user_id, birthday, email, lastname, name, password, tax_code, seniority) VALUES (24, '1971-12-22', 'doctor24@example.com', 'Cognome24', 'Nome24', 'password', 'TAXCODEX00000024', 2);
INSERT INTO tenantuser_systemactors (ms3_tenant_user_id, role) VALUES (24, 'DOCTOR');
INSERT INTO doctor_uffa_priority (id, general_priority, long_shift_priority, night_priority, partial_general_priority, partial_long_shift_priority, partial_night_priority, doctor_ms3_tenant_user_id, schedule_schedule_id) VALUES (24, 3, 2, 3, 3, 2, 3, 24, NULL);
INSERT INTO doctor_uffa_priority_snapshot (id, general_priority, long_shift_priority, night_priority, doctor_ms3_tenant_user_id, schedule_schedule_id) VALUES (24, 3, 2, 3, 24, NULL);
INSERT INTO doctor_holidays (doctor_holidays_id, holiday_map, doctor_ms3_tenant_user_id) VALUES (24, lo_from_bytea(0, decode('rO0ABXNyABFqYXZhLnV0aWwuSGFzaE1hcAUH2sHDFmDRAwACRgAKbG9hZEZhY3RvckkACXRocmVzaG9sZHhwP0AAAAAAAAB3CAAAABAAAAAAeA==', 'base64')), 24);
INSERT INTO preference (id, date) VALUES (47, '2026-02-16');
INSERT INTO preference_time_slots (preference_id, time_slots) VALUES (47, 0);
INSERT INTO preference_doctors (preference_id, doctors_ms3_tenant_user_id) VALUES (47, 24);
INSERT INTO doctor_preference_list (doctor_ms3_tenant_user_id, preference_list_id) VALUES (24, 47);
INSERT INTO preference (id, date) VALUES (48, '2026-02-17');
INSERT INTO preference_time_slots (preference_id, time_slots) VALUES (48, 1);
INSERT INTO preference_doctors (preference_id, doctors_ms3_tenant_user_id) VALUES (48, 24);
INSERT INTO doctor_preference_list (doctor_ms3_tenant_user_id, preference_list_id) VALUES (24, 48);
INSERT INTO doctor (ms3_tenant_user_id, birthday, email, lastname, name, password, tax_code, seniority) VALUES (25, '1972-01-21', 'doctor25@example.com', 'Cognome25', 'Nome25', 'password', 'TAXCODEX00000025', 0);
INSERT INTO tenantuser_systemactors (ms3_tenant_user_id, role) VALUES (25, 'DOCTOR');
INSERT INTO doctor_uffa_priority (id, general_priority, long_shift_priority, night_priority, partial_general_priority, partial_long_shift_priority, partial_night_priority, doctor_ms3_tenant_user_id, schedule_schedule_id) VALUES (25, 4, 3, 4, 4, 3, 4, 25, NULL);
INSERT INTO doctor_uffa_priority_snapshot (id, general_priority, long_shift_priority, night_priority, doctor_ms3_tenant_user_id, schedule_schedule_id) VALUES (25, 4, 3, 4, 25, NULL);
INSERT INTO doctor_holidays (doctor_holidays_id, holiday_map, doctor_ms3_tenant_user_id) VALUES (25, lo_from_bytea(0, decode('rO0ABXNyABFqYXZhLnV0aWwuSGFzaE1hcAUH2sHDFmDRAwACRgAKbG9hZEZhY3RvckkACXRocmVzaG9sZHhwP0AAAAAAAAB3CAAAABAAAAAAeA==', 'base64')), 25);
INSERT INTO preference (id, date) VALUES (49, '2026-02-18');
INSERT INTO preference_time_slots (preference_id, time_slots) VALUES (49, 1);
INSERT INTO preference_doctors (preference_id, doctors_ms3_tenant_user_id) VALUES (49, 25);
INSERT INTO doctor_preference_list (doctor_ms3_tenant_user_id, preference_list_id) VALUES (25, 49);
INSERT INTO preference (id, date) VALUES (50, '2026-02-19');
INSERT INTO preference_time_slots (preference_id, time_slots) VALUES (50, 2);
INSERT INTO preference_doctors (preference_id, doctors_ms3_tenant_user_id) VALUES (50, 25);
INSERT INTO doctor_preference_list (doctor_ms3_tenant_user_id, preference_list_id) VALUES (25, 50);
INSERT INTO doctor (ms3_tenant_user_id, birthday, email, lastname, name, password, tax_code, seniority) VALUES (26, '1972-02-20', 'doctor26@example.com', 'Cognome26', 'Nome26', 'password', 'TAXCODEX00000026', 1);
INSERT INTO tenantuser_systemactors (ms3_tenant_user_id, role) VALUES (26, 'DOCTOR');
INSERT INTO doctor_uffa_priority (id, general_priority, long_shift_priority, night_priority, partial_general_priority, partial_long_shift_priority, partial_night_priority, doctor_ms3_tenant_user_id, schedule_schedule_id) VALUES (26, 5, 4, 0, 5, 4, 0, 26, NULL);
INSERT INTO doctor_uffa_priority_snapshot (id, general_priority, long_shift_priority, night_priority, doctor_ms3_tenant_user_id, schedule_schedule_id) VALUES (26, 5, 4, 0, 26, NULL);
INSERT INTO doctor_holidays (doctor_holidays_id, holiday_map, doctor_ms3_tenant_user_id) VALUES (26, lo_from_bytea(0, decode('rO0ABXNyABFqYXZhLnV0aWwuSGFzaE1hcAUH2sHDFmDRAwACRgAKbG9hZEZhY3RvckkACXRocmVzaG9sZHhwP0AAAAAAAAB3CAAAABAAAAAAeA==', 'base64')), 26);
INSERT INTO preference (id, date) VALUES (51, '2026-02-20');
INSERT INTO preference_time_slots (preference_id, time_slots) VALUES (51, 2);
INSERT INTO preference_doctors (preference_id, doctors_ms3_tenant_user_id) VALUES (51, 26);
INSERT INTO doctor_preference_list (doctor_ms3_tenant_user_id, preference_list_id) VALUES (26, 51);
INSERT INTO preference (id, date) VALUES (52, '2026-02-21');
INSERT INTO preference_time_slots (preference_id, time_slots) VALUES (52, 0);
INSERT INTO preference_doctors (preference_id, doctors_ms3_tenant_user_id) VALUES (52, 26);
INSERT INTO doctor_preference_list (doctor_ms3_tenant_user_id, preference_list_id) VALUES (26, 52);
INSERT INTO doctor (ms3_tenant_user_id, birthday, email, lastname, name, password, tax_code, seniority) VALUES (27, '1972-03-21', 'doctor27@example.com', 'Cognome27', 'Nome27', 'password', 'TAXCODEX00000027', 2);
INSERT INTO tenantuser_systemactors (ms3_tenant_user_id, role) VALUES (27, 'DOCTOR');
INSERT INTO doctor_uffa_priority (id, general_priority, long_shift_priority, night_priority, partial_general_priority, partial_long_shift_priority, partial_night_priority, doctor_ms3_tenant_user_id, schedule_schedule_id) VALUES (27, 6, 5, 1, 6, 5, 1, 27, NULL);
INSERT INTO doctor_uffa_priority_snapshot (id, general_priority, long_shift_priority, night_priority, doctor_ms3_tenant_user_id, schedule_schedule_id) VALUES (27, 6, 5, 1, 27, NULL);
INSERT INTO doctor_holidays (doctor_holidays_id, holiday_map, doctor_ms3_tenant_user_id) VALUES (27, lo_from_bytea(0, decode('rO0ABXNyABFqYXZhLnV0aWwuSGFzaE1hcAUH2sHDFmDRAwACRgAKbG9hZEZhY3RvckkACXRocmVzaG9sZHhwP0AAAAAAAAB3CAAAABAAAAAAeA==', 'base64')), 27);
INSERT INTO preference (id, date) VALUES (53, '2026-02-22');
INSERT INTO preference_time_slots (preference_id, time_slots) VALUES (53, 0);
INSERT INTO preference_doctors (preference_id, doctors_ms3_tenant_user_id) VALUES (53, 27);
INSERT INTO doctor_preference_list (doctor_ms3_tenant_user_id, preference_list_id) VALUES (27, 53);
INSERT INTO preference (id, date) VALUES (54, '2026-02-23');
INSERT INTO preference_time_slots (preference_id, time_slots) VALUES (54, 1);
INSERT INTO preference_doctors (preference_id, doctors_ms3_tenant_user_id) VALUES (54, 27);
INSERT INTO doctor_preference_list (doctor_ms3_tenant_user_id, preference_list_id) VALUES (27, 54);
INSERT INTO doctor (ms3_tenant_user_id, birthday, email, lastname, name, password, tax_code, seniority) VALUES (28, '1972-04-20', 'doctor28@example.com', 'Cognome28', 'Nome28', 'password', 'TAXCODEX00000028', 0);
INSERT INTO tenantuser_systemactors (ms3_tenant_user_id, role) VALUES (28, 'DOCTOR');
INSERT INTO doctor_uffa_priority (id, general_priority, long_shift_priority, night_priority, partial_general_priority, partial_long_shift_priority, partial_night_priority, doctor_ms3_tenant_user_id, schedule_schedule_id) VALUES (28, 7, 6, 2, 7, 6, 2, 28, NULL);
INSERT INTO doctor_uffa_priority_snapshot (id, general_priority, long_shift_priority, night_priority, doctor_ms3_tenant_user_id, schedule_schedule_id) VALUES (28, 7, 6, 2, 28, NULL);
INSERT INTO doctor_holidays (doctor_holidays_id, holiday_map, doctor_ms3_tenant_user_id) VALUES (28, lo_from_bytea(0, decode('rO0ABXNyABFqYXZhLnV0aWwuSGFzaE1hcAUH2sHDFmDRAwACRgAKbG9hZEZhY3RvckkACXRocmVzaG9sZHhwP0AAAAAAAAB3CAAAABAAAAAAeA==', 'base64')), 28);
INSERT INTO preference (id, date) VALUES (55, '2026-02-24');
INSERT INTO preference_time_slots (preference_id, time_slots) VALUES (55, 1);
INSERT INTO preference_doctors (preference_id, doctors_ms3_tenant_user_id) VALUES (55, 28);
INSERT INTO doctor_preference_list (doctor_ms3_tenant_user_id, preference_list_id) VALUES (28, 55);
INSERT INTO preference (id, date) VALUES (56, '2026-02-25');
INSERT INTO preference_time_slots (preference_id, time_slots) VALUES (56, 2);
INSERT INTO preference_doctors (preference_id, doctors_ms3_tenant_user_id) VALUES (56, 28);
INSERT INTO doctor_preference_list (doctor_ms3_tenant_user_id, preference_list_id) VALUES (28, 56);
INSERT INTO doctor (ms3_tenant_user_id, birthday, email, lastname, name, password, tax_code, seniority) VALUES (29, '1972-05-20', 'doctor29@example.com', 'Cognome29', 'Nome29', 'password', 'TAXCODEX00000029', 1);
INSERT INTO tenantuser_systemactors (ms3_tenant_user_id, role) VALUES (29, 'DOCTOR');
INSERT INTO doctor_uffa_priority (id, general_priority, long_shift_priority, night_priority, partial_general_priority, partial_long_shift_priority, partial_night_priority, doctor_ms3_tenant_user_id, schedule_schedule_id) VALUES (29, 8, 0, 3, 8, 0, 3, 29, NULL);
INSERT INTO doctor_uffa_priority_snapshot (id, general_priority, long_shift_priority, night_priority, doctor_ms3_tenant_user_id, schedule_schedule_id) VALUES (29, 8, 0, 3, 29, NULL);
INSERT INTO doctor_holidays (doctor_holidays_id, holiday_map, doctor_ms3_tenant_user_id) VALUES (29, lo_from_bytea(0, decode('rO0ABXNyABFqYXZhLnV0aWwuSGFzaE1hcAUH2sHDFmDRAwACRgAKbG9hZEZhY3RvckkACXRocmVzaG9sZHhwP0AAAAAAAAB3CAAAABAAAAAAeA==', 'base64')), 29);
INSERT INTO preference (id, date) VALUES (57, '2026-02-26');
INSERT INTO preference_time_slots (preference_id, time_slots) VALUES (57, 2);
INSERT INTO preference_doctors (preference_id, doctors_ms3_tenant_user_id) VALUES (57, 29);
INSERT INTO doctor_preference_list (doctor_ms3_tenant_user_id, preference_list_id) VALUES (29, 57);
INSERT INTO preference (id, date) VALUES (58, '2026-02-27');
INSERT INTO preference_time_slots (preference_id, time_slots) VALUES (58, 0);
INSERT INTO preference_doctors (preference_id, doctors_ms3_tenant_user_id) VALUES (58, 29);
INSERT INTO doctor_preference_list (doctor_ms3_tenant_user_id, preference_list_id) VALUES (29, 58);
INSERT INTO doctor (ms3_tenant_user_id, birthday, email, lastname, name, password, tax_code, seniority) VALUES (30, '1972-06-19', 'doctor30@example.com', 'Cognome30', 'Nome30', 'password', 'TAXCODEX00000030', 2);
INSERT INTO tenantuser_systemactors (ms3_tenant_user_id, role) VALUES (30, 'DOCTOR');
INSERT INTO doctor_uffa_priority (id, general_priority, long_shift_priority, night_priority, partial_general_priority, partial_long_shift_priority, partial_night_priority, doctor_ms3_tenant_user_id, schedule_schedule_id) VALUES (30, 9, 1, 4, 9, 1, 4, 30, NULL);
INSERT INTO doctor_uffa_priority_snapshot (id, general_priority, long_shift_priority, night_priority, doctor_ms3_tenant_user_id, schedule_schedule_id) VALUES (30, 9, 1, 4, 30, NULL);
INSERT INTO doctor_holidays (doctor_holidays_id, holiday_map, doctor_ms3_tenant_user_id) VALUES (30, lo_from_bytea(0, decode('rO0ABXNyABFqYXZhLnV0aWwuSGFzaE1hcAUH2sHDFmDRAwACRgAKbG9hZEZhY3RvckkACXRocmVzaG9sZHhwP0AAAAAAAAB3CAAAABAAAAAAeA==', 'base64')), 30);
INSERT INTO preference (id, date) VALUES (59, '2026-02-28');
INSERT INTO preference_time_slots (preference_id, time_slots) VALUES (59, 0);
INSERT INTO preference_doctors (preference_id, doctors_ms3_tenant_user_id) VALUES (59, 30);
INSERT INTO doctor_preference_list (doctor_ms3_tenant_user_id, preference_list_id) VALUES (30, 59);
INSERT INTO preference (id, date) VALUES (60, '2026-03-01');
INSERT INTO preference_time_slots (preference_id, time_slots) VALUES (60, 1);
INSERT INTO preference_doctors (preference_id, doctors_ms3_tenant_user_id) VALUES (60, 30);
INSERT INTO doctor_preference_list (doctor_ms3_tenant_user_id, preference_list_id) VALUES (30, 60);
INSERT INTO doctor (ms3_tenant_user_id, birthday, email, lastname, name, password, tax_code, seniority) VALUES (31, '1972-07-19', 'doctor31@example.com', 'Cognome31', 'Nome31', 'password', 'TAXCODEX00000031', 0);
INSERT INTO tenantuser_systemactors (ms3_tenant_user_id, role) VALUES (31, 'DOCTOR');
INSERT INTO doctor_uffa_priority (id, general_priority, long_shift_priority, night_priority, partial_general_priority, partial_long_shift_priority, partial_night_priority, doctor_ms3_tenant_user_id, schedule_schedule_id) VALUES (31, 0, 2, 0, 0, 2, 0, 31, NULL);
INSERT INTO doctor_uffa_priority_snapshot (id, general_priority, long_shift_priority, night_priority, doctor_ms3_tenant_user_id, schedule_schedule_id) VALUES (31, 0, 2, 0, 31, NULL);
INSERT INTO doctor_holidays (doctor_holidays_id, holiday_map, doctor_ms3_tenant_user_id) VALUES (31, lo_from_bytea(0, decode('rO0ABXNyABFqYXZhLnV0aWwuSGFzaE1hcAUH2sHDFmDRAwACRgAKbG9hZEZhY3RvckkACXRocmVzaG9sZHhwP0AAAAAAAAB3CAAAABAAAAAAeA==', 'base64')), 31);
INSERT INTO preference (id, date) VALUES (61, '2026-03-02');
INSERT INTO preference_time_slots (preference_id, time_slots) VALUES (61, 1);
INSERT INTO preference_doctors (preference_id, doctors_ms3_tenant_user_id) VALUES (61, 31);
INSERT INTO doctor_preference_list (doctor_ms3_tenant_user_id, preference_list_id) VALUES (31, 61);
INSERT INTO preference (id, date) VALUES (62, '2026-03-03');
INSERT INTO preference_time_slots (preference_id, time_slots) VALUES (62, 2);
INSERT INTO preference_doctors (preference_id, doctors_ms3_tenant_user_id) VALUES (62, 31);
INSERT INTO doctor_preference_list (doctor_ms3_tenant_user_id, preference_list_id) VALUES (31, 62);
INSERT INTO doctor (ms3_tenant_user_id, birthday, email, lastname, name, password, tax_code, seniority) VALUES (32, '1972-08-18', 'doctor32@example.com', 'Cognome32', 'Nome32', 'password', 'TAXCODEX00000032', 1);
INSERT INTO tenantuser_systemactors (ms3_tenant_user_id, role) VALUES (32, 'DOCTOR');
INSERT INTO doctor_uffa_priority (id, general_priority, long_shift_priority, night_priority, partial_general_priority, partial_long_shift_priority, partial_night_priority, doctor_ms3_tenant_user_id, schedule_schedule_id) VALUES (32, 1, 3, 1, 1, 3, 1, 32, NULL);
INSERT INTO doctor_uffa_priority_snapshot (id, general_priority, long_shift_priority, night_priority, doctor_ms3_tenant_user_id, schedule_schedule_id) VALUES (32, 1, 3, 1, 32, NULL);
INSERT INTO doctor_holidays (doctor_holidays_id, holiday_map, doctor_ms3_tenant_user_id) VALUES (32, lo_from_bytea(0, decode('rO0ABXNyABFqYXZhLnV0aWwuSGFzaE1hcAUH2sHDFmDRAwACRgAKbG9hZEZhY3RvckkACXRocmVzaG9sZHhwP0AAAAAAAAB3CAAAABAAAAAAeA==', 'base64')), 32);
INSERT INTO preference (id, date) VALUES (63, '2026-03-04');
INSERT INTO preference_time_slots (preference_id, time_slots) VALUES (63, 2);
INSERT INTO preference_doctors (preference_id, doctors_ms3_tenant_user_id) VALUES (63, 32);
INSERT INTO doctor_preference_list (doctor_ms3_tenant_user_id, preference_list_id) VALUES (32, 63);
INSERT INTO preference (id, date) VALUES (64, '2026-03-05');
INSERT INTO preference_time_slots (preference_id, time_slots) VALUES (64, 0);
INSERT INTO preference_doctors (preference_id, doctors_ms3_tenant_user_id) VALUES (64, 32);
INSERT INTO doctor_preference_list (doctor_ms3_tenant_user_id, preference_list_id) VALUES (32, 64);
INSERT INTO doctor (ms3_tenant_user_id, birthday, email, lastname, name, password, tax_code, seniority) VALUES (33, '1972-09-17', 'doctor33@example.com', 'Cognome33', 'Nome33', 'password', 'TAXCODEX00000033', 2);
INSERT INTO tenantuser_systemactors (ms3_tenant_user_id, role) VALUES (33, 'DOCTOR');
INSERT INTO doctor_uffa_priority (id, general_priority, long_shift_priority, night_priority, partial_general_priority, partial_long_shift_priority, partial_night_priority, doctor_ms3_tenant_user_id, schedule_schedule_id) VALUES (33, 2, 4, 2, 2, 4, 2, 33, NULL);
INSERT INTO doctor_uffa_priority_snapshot (id, general_priority, long_shift_priority, night_priority, doctor_ms3_tenant_user_id, schedule_schedule_id) VALUES (33, 2, 4, 2, 33, NULL);
INSERT INTO doctor_holidays (doctor_holidays_id, holiday_map, doctor_ms3_tenant_user_id) VALUES (33, lo_from_bytea(0, decode('rO0ABXNyABFqYXZhLnV0aWwuSGFzaE1hcAUH2sHDFmDRAwACRgAKbG9hZEZhY3RvckkACXRocmVzaG9sZHhwP0AAAAAAAAB3CAAAABAAAAAAeA==', 'base64')), 33);
INSERT INTO preference (id, date) VALUES (65, '2026-03-06');
INSERT INTO preference_time_slots (preference_id, time_slots) VALUES (65, 0);
INSERT INTO preference_doctors (preference_id, doctors_ms3_tenant_user_id) VALUES (65, 33);
INSERT INTO doctor_preference_list (doctor_ms3_tenant_user_id, preference_list_id) VALUES (33, 65);
INSERT INTO preference (id, date) VALUES (66, '2026-03-07');
INSERT INTO preference_time_slots (preference_id, time_slots) VALUES (66, 1);
INSERT INTO preference_doctors (preference_id, doctors_ms3_tenant_user_id) VALUES (66, 33);
INSERT INTO doctor_preference_list (doctor_ms3_tenant_user_id, preference_list_id) VALUES (33, 66);
INSERT INTO doctor (ms3_tenant_user_id, birthday, email, lastname, name, password, tax_code, seniority) VALUES (34, '1972-10-17', 'doctor34@example.com', 'Cognome34', 'Nome34', 'password', 'TAXCODEX00000034', 0);
INSERT INTO tenantuser_systemactors (ms3_tenant_user_id, role) VALUES (34, 'DOCTOR');
INSERT INTO doctor_uffa_priority (id, general_priority, long_shift_priority, night_priority, partial_general_priority, partial_long_shift_priority, partial_night_priority, doctor_ms3_tenant_user_id, schedule_schedule_id) VALUES (34, 3, 5, 3, 3, 5, 3, 34, NULL);
INSERT INTO doctor_uffa_priority_snapshot (id, general_priority, long_shift_priority, night_priority, doctor_ms3_tenant_user_id, schedule_schedule_id) VALUES (34, 3, 5, 3, 34, NULL);
INSERT INTO doctor_holidays (doctor_holidays_id, holiday_map, doctor_ms3_tenant_user_id) VALUES (34, lo_from_bytea(0, decode('rO0ABXNyABFqYXZhLnV0aWwuSGFzaE1hcAUH2sHDFmDRAwACRgAKbG9hZEZhY3RvckkACXRocmVzaG9sZHhwP0AAAAAAAAB3CAAAABAAAAAAeA==', 'base64')), 34);
INSERT INTO preference (id, date) VALUES (67, '2026-03-08');
INSERT INTO preference_time_slots (preference_id, time_slots) VALUES (67, 1);
INSERT INTO preference_doctors (preference_id, doctors_ms3_tenant_user_id) VALUES (67, 34);
INSERT INTO doctor_preference_list (doctor_ms3_tenant_user_id, preference_list_id) VALUES (34, 67);
INSERT INTO preference (id, date) VALUES (68, '2026-03-09');
INSERT INTO preference_time_slots (preference_id, time_slots) VALUES (68, 2);
INSERT INTO preference_doctors (preference_id, doctors_ms3_tenant_user_id) VALUES (68, 34);
INSERT INTO doctor_preference_list (doctor_ms3_tenant_user_id, preference_list_id) VALUES (34, 68);
INSERT INTO doctor (ms3_tenant_user_id, birthday, email, lastname, name, password, tax_code, seniority) VALUES (35, '1972-11-16', 'doctor35@example.com', 'Cognome35', 'Nome35', 'password', 'TAXCODEX00000035', 1);
INSERT INTO tenantuser_systemactors (ms3_tenant_user_id, role) VALUES (35, 'DOCTOR');
INSERT INTO doctor_uffa_priority (id, general_priority, long_shift_priority, night_priority, partial_general_priority, partial_long_shift_priority, partial_night_priority, doctor_ms3_tenant_user_id, schedule_schedule_id) VALUES (35, 4, 6, 4, 4, 6, 4, 35, NULL);
INSERT INTO doctor_uffa_priority_snapshot (id, general_priority, long_shift_priority, night_priority, doctor_ms3_tenant_user_id, schedule_schedule_id) VALUES (35, 4, 6, 4, 35, NULL);
INSERT INTO doctor_holidays (doctor_holidays_id, holiday_map, doctor_ms3_tenant_user_id) VALUES (35, lo_from_bytea(0, decode('rO0ABXNyABFqYXZhLnV0aWwuSGFzaE1hcAUH2sHDFmDRAwACRgAKbG9hZEZhY3RvckkACXRocmVzaG9sZHhwP0AAAAAAAAB3CAAAABAAAAAAeA==', 'base64')), 35);
INSERT INTO preference (id, date) VALUES (69, '2026-03-10');
INSERT INTO preference_time_slots (preference_id, time_slots) VALUES (69, 2);
INSERT INTO preference_doctors (preference_id, doctors_ms3_tenant_user_id) VALUES (69, 35);
INSERT INTO doctor_preference_list (doctor_ms3_tenant_user_id, preference_list_id) VALUES (35, 69);
INSERT INTO preference (id, date) VALUES (70, '2026-03-11');
INSERT INTO preference_time_slots (preference_id, time_slots) VALUES (70, 0);
INSERT INTO preference_doctors (preference_id, doctors_ms3_tenant_user_id) VALUES (70, 35);
INSERT INTO doctor_preference_list (doctor_ms3_tenant_user_id, preference_list_id) VALUES (35, 70);
INSERT INTO doctor (ms3_tenant_user_id, birthday, email, lastname, name, password, tax_code, seniority) VALUES (36, '1972-12-16', 'doctor36@example.com', 'Cognome36', 'Nome36', 'password', 'TAXCODEX00000036', 2);
INSERT INTO tenantuser_systemactors (ms3_tenant_user_id, role) VALUES (36, 'DOCTOR');
INSERT INTO doctor_uffa_priority (id, general_priority, long_shift_priority, night_priority, partial_general_priority, partial_long_shift_priority, partial_night_priority, doctor_ms3_tenant_user_id, schedule_schedule_id) VALUES (36, 5, 0, 0, 5, 0, 0, 36, NULL);
INSERT INTO doctor_uffa_priority_snapshot (id, general_priority, long_shift_priority, night_priority, doctor_ms3_tenant_user_id, schedule_schedule_id) VALUES (36, 5, 0, 0, 36, NULL);
INSERT INTO doctor_holidays (doctor_holidays_id, holiday_map, doctor_ms3_tenant_user_id) VALUES (36, lo_from_bytea(0, decode('rO0ABXNyABFqYXZhLnV0aWwuSGFzaE1hcAUH2sHDFmDRAwACRgAKbG9hZEZhY3RvckkACXRocmVzaG9sZHhwP0AAAAAAAAB3CAAAABAAAAAAeA==', 'base64')), 36);
INSERT INTO preference (id, date) VALUES (71, '2026-03-12');
INSERT INTO preference_time_slots (preference_id, time_slots) VALUES (71, 0);
INSERT INTO preference_doctors (preference_id, doctors_ms3_tenant_user_id) VALUES (71, 36);
INSERT INTO doctor_preference_list (doctor_ms3_tenant_user_id, preference_list_id) VALUES (36, 71);
INSERT INTO preference (id, date) VALUES (72, '2026-03-13');
INSERT INTO preference_time_slots (preference_id, time_slots) VALUES (72, 1);
INSERT INTO preference_doctors (preference_id, doctors_ms3_tenant_user_id) VALUES (72, 36);
INSERT INTO doctor_preference_list (doctor_ms3_tenant_user_id, preference_list_id) VALUES (36, 72);
INSERT INTO doctor (ms3_tenant_user_id, birthday, email, lastname, name, password, tax_code, seniority) VALUES (37, '1973-01-15', 'doctor37@example.com', 'Cognome37', 'Nome37', 'password', 'TAXCODEX00000037', 0);
INSERT INTO tenantuser_systemactors (ms3_tenant_user_id, role) VALUES (37, 'DOCTOR');
INSERT INTO doctor_uffa_priority (id, general_priority, long_shift_priority, night_priority, partial_general_priority, partial_long_shift_priority, partial_night_priority, doctor_ms3_tenant_user_id, schedule_schedule_id) VALUES (37, 6, 1, 1, 6, 1, 1, 37, NULL);
INSERT INTO doctor_uffa_priority_snapshot (id, general_priority, long_shift_priority, night_priority, doctor_ms3_tenant_user_id, schedule_schedule_id) VALUES (37, 6, 1, 1, 37, NULL);
INSERT INTO doctor_holidays (doctor_holidays_id, holiday_map, doctor_ms3_tenant_user_id) VALUES (37, lo_from_bytea(0, decode('rO0ABXNyABFqYXZhLnV0aWwuSGFzaE1hcAUH2sHDFmDRAwACRgAKbG9hZEZhY3RvckkACXRocmVzaG9sZHhwP0AAAAAAAAB3CAAAABAAAAAAeA==', 'base64')), 37);
INSERT INTO preference (id, date) VALUES (73, '2026-03-14');
INSERT INTO preference_time_slots (preference_id, time_slots) VALUES (73, 1);
INSERT INTO preference_doctors (preference_id, doctors_ms3_tenant_user_id) VALUES (73, 37);
INSERT INTO doctor_preference_list (doctor_ms3_tenant_user_id, preference_list_id) VALUES (37, 73);
INSERT INTO preference (id, date) VALUES (74, '2026-03-15');
INSERT INTO preference_time_slots (preference_id, time_slots) VALUES (74, 2);
INSERT INTO preference_doctors (preference_id, doctors_ms3_tenant_user_id) VALUES (74, 37);
INSERT INTO doctor_preference_list (doctor_ms3_tenant_user_id, preference_list_id) VALUES (37, 74);
INSERT INTO doctor (ms3_tenant_user_id, birthday, email, lastname, name, password, tax_code, seniority) VALUES (38, '1973-02-14', 'doctor38@example.com', 'Cognome38', 'Nome38', 'password', 'TAXCODEX00000038', 1);
INSERT INTO tenantuser_systemactors (ms3_tenant_user_id, role) VALUES (38, 'DOCTOR');
INSERT INTO doctor_uffa_priority (id, general_priority, long_shift_priority, night_priority, partial_general_priority, partial_long_shift_priority, partial_night_priority, doctor_ms3_tenant_user_id, schedule_schedule_id) VALUES (38, 7, 2, 2, 7, 2, 2, 38, NULL);
INSERT INTO doctor_uffa_priority_snapshot (id, general_priority, long_shift_priority, night_priority, doctor_ms3_tenant_user_id, schedule_schedule_id) VALUES (38, 7, 2, 2, 38, NULL);
INSERT INTO doctor_holidays (doctor_holidays_id, holiday_map, doctor_ms3_tenant_user_id) VALUES (38, lo_from_bytea(0, decode('rO0ABXNyABFqYXZhLnV0aWwuSGFzaE1hcAUH2sHDFmDRAwACRgAKbG9hZEZhY3RvckkACXRocmVzaG9sZHhwP0AAAAAAAAB3CAAAABAAAAAAeA==', 'base64')), 38);
INSERT INTO preference (id, date) VALUES (75, '2026-03-16');
INSERT INTO preference_time_slots (preference_id, time_slots) VALUES (75, 2);
INSERT INTO preference_doctors (preference_id, doctors_ms3_tenant_user_id) VALUES (75, 38);
INSERT INTO doctor_preference_list (doctor_ms3_tenant_user_id, preference_list_id) VALUES (38, 75);
INSERT INTO preference (id, date) VALUES (76, '2026-03-17');
INSERT INTO preference_time_slots (preference_id, time_slots) VALUES (76, 0);
INSERT INTO preference_doctors (preference_id, doctors_ms3_tenant_user_id) VALUES (76, 38);
INSERT INTO doctor_preference_list (doctor_ms3_tenant_user_id, preference_list_id) VALUES (38, 76);
INSERT INTO doctor (ms3_tenant_user_id, birthday, email, lastname, name, password, tax_code, seniority) VALUES (39, '1973-03-16', 'doctor39@example.com', 'Cognome39', 'Nome39', 'password', 'TAXCODEX00000039', 2);
INSERT INTO tenantuser_systemactors (ms3_tenant_user_id, role) VALUES (39, 'DOCTOR');
INSERT INTO doctor_uffa_priority (id, general_priority, long_shift_priority, night_priority, partial_general_priority, partial_long_shift_priority, partial_night_priority, doctor_ms3_tenant_user_id, schedule_schedule_id) VALUES (39, 8, 3, 3, 8, 3, 3, 39, NULL);
INSERT INTO doctor_uffa_priority_snapshot (id, general_priority, long_shift_priority, night_priority, doctor_ms3_tenant_user_id, schedule_schedule_id) VALUES (39, 8, 3, 3, 39, NULL);
INSERT INTO doctor_holidays (doctor_holidays_id, holiday_map, doctor_ms3_tenant_user_id) VALUES (39, lo_from_bytea(0, decode('rO0ABXNyABFqYXZhLnV0aWwuSGFzaE1hcAUH2sHDFmDRAwACRgAKbG9hZEZhY3RvckkACXRocmVzaG9sZHhwP0AAAAAAAAB3CAAAABAAAAAAeA==', 'base64')), 39);
INSERT INTO preference (id, date) VALUES (77, '2026-03-18');
INSERT INTO preference_time_slots (preference_id, time_slots) VALUES (77, 0);
INSERT INTO preference_doctors (preference_id, doctors_ms3_tenant_user_id) VALUES (77, 39);
INSERT INTO doctor_preference_list (doctor_ms3_tenant_user_id, preference_list_id) VALUES (39, 77);
INSERT INTO preference (id, date) VALUES (78, '2026-03-19');
INSERT INTO preference_time_slots (preference_id, time_slots) VALUES (78, 1);
INSERT INTO preference_doctors (preference_id, doctors_ms3_tenant_user_id) VALUES (78, 39);
INSERT INTO doctor_preference_list (doctor_ms3_tenant_user_id, preference_list_id) VALUES (39, 78);
INSERT INTO doctor (ms3_tenant_user_id, birthday, email, lastname, name, password, tax_code, seniority) VALUES (40, '1973-04-15', 'doctor40@example.com', 'Cognome40', 'Nome40', 'password', 'TAXCODEX00000040', 0);
INSERT INTO tenantuser_systemactors (ms3_tenant_user_id, role) VALUES (40, 'DOCTOR');
INSERT INTO doctor_uffa_priority (id, general_priority, long_shift_priority, night_priority, partial_general_priority, partial_long_shift_priority, partial_night_priority, doctor_ms3_tenant_user_id, schedule_schedule_id) VALUES (40, 9, 4, 4, 9, 4, 4, 40, NULL);
INSERT INTO doctor_uffa_priority_snapshot (id, general_priority, long_shift_priority, night_priority, doctor_ms3_tenant_user_id, schedule_schedule_id) VALUES (40, 9, 4, 4, 40, NULL);
INSERT INTO doctor_holidays (doctor_holidays_id, holiday_map, doctor_ms3_tenant_user_id) VALUES (40, lo_from_bytea(0, decode('rO0ABXNyABFqYXZhLnV0aWwuSGFzaE1hcAUH2sHDFmDRAwACRgAKbG9hZEZhY3RvckkACXRocmVzaG9sZHhwP0AAAAAAAAB3CAAAABAAAAAAeA==', 'base64')), 40);
INSERT INTO preference (id, date) VALUES (79, '2026-03-20');
INSERT INTO preference_time_slots (preference_id, time_slots) VALUES (79, 1);
INSERT INTO preference_doctors (preference_id, doctors_ms3_tenant_user_id) VALUES (79, 40);
INSERT INTO doctor_preference_list (doctor_ms3_tenant_user_id, preference_list_id) VALUES (40, 79);
INSERT INTO preference (id, date) VALUES (80, '2026-03-21');
INSERT INTO preference_time_slots (preference_id, time_slots) VALUES (80, 2);
INSERT INTO preference_doctors (preference_id, doctors_ms3_tenant_user_id) VALUES (80, 40);
INSERT INTO doctor_preference_list (doctor_ms3_tenant_user_id, preference_list_id) VALUES (40, 80);
INSERT INTO doctor (ms3_tenant_user_id, birthday, email, lastname, name, password, tax_code, seniority) VALUES (41, '1973-05-15', 'doctor41@example.com', 'Cognome41', 'Nome41', 'password', 'TAXCODEX00000041', 1);
INSERT INTO tenantuser_systemactors (ms3_tenant_user_id, role) VALUES (41, 'DOCTOR');
INSERT INTO doctor_uffa_priority (id, general_priority, long_shift_priority, night_priority, partial_general_priority, partial_long_shift_priority, partial_night_priority, doctor_ms3_tenant_user_id, schedule_schedule_id) VALUES (41, 0, 5, 0, 0, 5, 0, 41, NULL);
INSERT INTO doctor_uffa_priority_snapshot (id, general_priority, long_shift_priority, night_priority, doctor_ms3_tenant_user_id, schedule_schedule_id) VALUES (41, 0, 5, 0, 41, NULL);
INSERT INTO doctor_holidays (doctor_holidays_id, holiday_map, doctor_ms3_tenant_user_id) VALUES (41, lo_from_bytea(0, decode('rO0ABXNyABFqYXZhLnV0aWwuSGFzaE1hcAUH2sHDFmDRAwACRgAKbG9hZEZhY3RvckkACXRocmVzaG9sZHhwP0AAAAAAAAB3CAAAABAAAAAAeA==', 'base64')), 41);
INSERT INTO preference (id, date) VALUES (81, '2026-03-22');
INSERT INTO preference_time_slots (preference_id, time_slots) VALUES (81, 2);
INSERT INTO preference_doctors (preference_id, doctors_ms3_tenant_user_id) VALUES (81, 41);
INSERT INTO doctor_preference_list (doctor_ms3_tenant_user_id, preference_list_id) VALUES (41, 81);
INSERT INTO preference (id, date) VALUES (82, '2026-03-23');
INSERT INTO preference_time_slots (preference_id, time_slots) VALUES (82, 0);
INSERT INTO preference_doctors (preference_id, doctors_ms3_tenant_user_id) VALUES (82, 41);
INSERT INTO doctor_preference_list (doctor_ms3_tenant_user_id, preference_list_id) VALUES (41, 82);
INSERT INTO doctor (ms3_tenant_user_id, birthday, email, lastname, name, password, tax_code, seniority) VALUES (42, '1973-06-14', 'doctor42@example.com', 'Cognome42', 'Nome42', 'password', 'TAXCODEX00000042', 2);
INSERT INTO tenantuser_systemactors (ms3_tenant_user_id, role) VALUES (42, 'DOCTOR');
INSERT INTO doctor_uffa_priority (id, general_priority, long_shift_priority, night_priority, partial_general_priority, partial_long_shift_priority, partial_night_priority, doctor_ms3_tenant_user_id, schedule_schedule_id) VALUES (42, 1, 6, 1, 1, 6, 1, 42, NULL);
INSERT INTO doctor_uffa_priority_snapshot (id, general_priority, long_shift_priority, night_priority, doctor_ms3_tenant_user_id, schedule_schedule_id) VALUES (42, 1, 6, 1, 42, NULL);
INSERT INTO doctor_holidays (doctor_holidays_id, holiday_map, doctor_ms3_tenant_user_id) VALUES (42, lo_from_bytea(0, decode('rO0ABXNyABFqYXZhLnV0aWwuSGFzaE1hcAUH2sHDFmDRAwACRgAKbG9hZEZhY3RvckkACXRocmVzaG9sZHhwP0AAAAAAAAB3CAAAABAAAAAAeA==', 'base64')), 42);
INSERT INTO preference (id, date) VALUES (83, '2026-03-24');
INSERT INTO preference_time_slots (preference_id, time_slots) VALUES (83, 0);
INSERT INTO preference_doctors (preference_id, doctors_ms3_tenant_user_id) VALUES (83, 42);
INSERT INTO doctor_preference_list (doctor_ms3_tenant_user_id, preference_list_id) VALUES (42, 83);
INSERT INTO preference (id, date) VALUES (84, '2026-03-25');
INSERT INTO preference_time_slots (preference_id, time_slots) VALUES (84, 1);
INSERT INTO preference_doctors (preference_id, doctors_ms3_tenant_user_id) VALUES (84, 42);
INSERT INTO doctor_preference_list (doctor_ms3_tenant_user_id, preference_list_id) VALUES (42, 84);
INSERT INTO doctor (ms3_tenant_user_id, birthday, email, lastname, name, password, tax_code, seniority) VALUES (43, '1973-07-14', 'doctor43@example.com', 'Cognome43', 'Nome43', 'password', 'TAXCODEX00000043', 0);
INSERT INTO tenantuser_systemactors (ms3_tenant_user_id, role) VALUES (43, 'DOCTOR');
INSERT INTO doctor_uffa_priority (id, general_priority, long_shift_priority, night_priority, partial_general_priority, partial_long_shift_priority, partial_night_priority, doctor_ms3_tenant_user_id, schedule_schedule_id) VALUES (43, 2, 0, 2, 2, 0, 2, 43, NULL);
INSERT INTO doctor_uffa_priority_snapshot (id, general_priority, long_shift_priority, night_priority, doctor_ms3_tenant_user_id, schedule_schedule_id) VALUES (43, 2, 0, 2, 43, NULL);
INSERT INTO doctor_holidays (doctor_holidays_id, holiday_map, doctor_ms3_tenant_user_id) VALUES (43, lo_from_bytea(0, decode('rO0ABXNyABFqYXZhLnV0aWwuSGFzaE1hcAUH2sHDFmDRAwACRgAKbG9hZEZhY3RvckkACXRocmVzaG9sZHhwP0AAAAAAAAB3CAAAABAAAAAAeA==', 'base64')), 43);
INSERT INTO preference (id, date) VALUES (85, '2026-03-26');
INSERT INTO preference_time_slots (preference_id, time_slots) VALUES (85, 1);
INSERT INTO preference_doctors (preference_id, doctors_ms3_tenant_user_id) VALUES (85, 43);
INSERT INTO doctor_preference_list (doctor_ms3_tenant_user_id, preference_list_id) VALUES (43, 85);
INSERT INTO preference (id, date) VALUES (86, '2026-03-27');
INSERT INTO preference_time_slots (preference_id, time_slots) VALUES (86, 2);
INSERT INTO preference_doctors (preference_id, doctors_ms3_tenant_user_id) VALUES (86, 43);
INSERT INTO doctor_preference_list (doctor_ms3_tenant_user_id, preference_list_id) VALUES (43, 86);
INSERT INTO doctor (ms3_tenant_user_id, birthday, email, lastname, name, password, tax_code, seniority) VALUES (44, '1973-08-13', 'doctor44@example.com', 'Cognome44', 'Nome44', 'password', 'TAXCODEX00000044', 1);
INSERT INTO tenantuser_systemactors (ms3_tenant_user_id, role) VALUES (44, 'DOCTOR');
INSERT INTO doctor_uffa_priority (id, general_priority, long_shift_priority, night_priority, partial_general_priority, partial_long_shift_priority, partial_night_priority, doctor_ms3_tenant_user_id, schedule_schedule_id) VALUES (44, 3, 1, 3, 3, 1, 3, 44, NULL);
INSERT INTO doctor_uffa_priority_snapshot (id, general_priority, long_shift_priority, night_priority, doctor_ms3_tenant_user_id, schedule_schedule_id) VALUES (44, 3, 1, 3, 44, NULL);
INSERT INTO doctor_holidays (doctor_holidays_id, holiday_map, doctor_ms3_tenant_user_id) VALUES (44, lo_from_bytea(0, decode('rO0ABXNyABFqYXZhLnV0aWwuSGFzaE1hcAUH2sHDFmDRAwACRgAKbG9hZEZhY3RvckkACXRocmVzaG9sZHhwP0AAAAAAAAB3CAAAABAAAAAAeA==', 'base64')), 44);
INSERT INTO preference (id, date) VALUES (87, '2026-03-28');
INSERT INTO preference_time_slots (preference_id, time_slots) VALUES (87, 2);
INSERT INTO preference_doctors (preference_id, doctors_ms3_tenant_user_id) VALUES (87, 44);
INSERT INTO doctor_preference_list (doctor_ms3_tenant_user_id, preference_list_id) VALUES (44, 87);
INSERT INTO preference (id, date) VALUES (88, '2026-03-29');
INSERT INTO preference_time_slots (preference_id, time_slots) VALUES (88, 0);
INSERT INTO preference_doctors (preference_id, doctors_ms3_tenant_user_id) VALUES (88, 44);
INSERT INTO doctor_preference_list (doctor_ms3_tenant_user_id, preference_list_id) VALUES (44, 88);
INSERT INTO doctor (ms3_tenant_user_id, birthday, email, lastname, name, password, tax_code, seniority) VALUES (45, '1973-09-12', 'doctor45@example.com', 'Cognome45', 'Nome45', 'password', 'TAXCODEX00000045', 2);
INSERT INTO tenantuser_systemactors (ms3_tenant_user_id, role) VALUES (45, 'DOCTOR');
INSERT INTO doctor_uffa_priority (id, general_priority, long_shift_priority, night_priority, partial_general_priority, partial_long_shift_priority, partial_night_priority, doctor_ms3_tenant_user_id, schedule_schedule_id) VALUES (45, 4, 2, 4, 4, 2, 4, 45, NULL);
INSERT INTO doctor_uffa_priority_snapshot (id, general_priority, long_shift_priority, night_priority, doctor_ms3_tenant_user_id, schedule_schedule_id) VALUES (45, 4, 2, 4, 45, NULL);
INSERT INTO doctor_holidays (doctor_holidays_id, holiday_map, doctor_ms3_tenant_user_id) VALUES (45, lo_from_bytea(0, decode('rO0ABXNyABFqYXZhLnV0aWwuSGFzaE1hcAUH2sHDFmDRAwACRgAKbG9hZEZhY3RvckkACXRocmVzaG9sZHhwP0AAAAAAAAB3CAAAABAAAAAAeA==', 'base64')), 45);
INSERT INTO preference (id, date) VALUES (89, '2026-03-30');
INSERT INTO preference_time_slots (preference_id, time_slots) VALUES (89, 0);
INSERT INTO preference_doctors (preference_id, doctors_ms3_tenant_user_id) VALUES (89, 45);
INSERT INTO doctor_preference_list (doctor_ms3_tenant_user_id, preference_list_id) VALUES (45, 89);
INSERT INTO preference (id, date) VALUES (90, '2026-03-31');
INSERT INTO preference_time_slots (preference_id, time_slots) VALUES (90, 1);
INSERT INTO preference_doctors (preference_id, doctors_ms3_tenant_user_id) VALUES (90, 45);
INSERT INTO doctor_preference_list (doctor_ms3_tenant_user_id, preference_list_id) VALUES (45, 90);
INSERT INTO doctor (ms3_tenant_user_id, birthday, email, lastname, name, password, tax_code, seniority) VALUES (46, '1973-10-12', 'doctor46@example.com', 'Cognome46', 'Nome46', 'password', 'TAXCODEX00000046', 0);
INSERT INTO tenantuser_systemactors (ms3_tenant_user_id, role) VALUES (46, 'DOCTOR');
INSERT INTO doctor_uffa_priority (id, general_priority, long_shift_priority, night_priority, partial_general_priority, partial_long_shift_priority, partial_night_priority, doctor_ms3_tenant_user_id, schedule_schedule_id) VALUES (46, 5, 3, 0, 5, 3, 0, 46, NULL);
INSERT INTO doctor_uffa_priority_snapshot (id, general_priority, long_shift_priority, night_priority, doctor_ms3_tenant_user_id, schedule_schedule_id) VALUES (46, 5, 3, 0, 46, NULL);
INSERT INTO doctor_holidays (doctor_holidays_id, holiday_map, doctor_ms3_tenant_user_id) VALUES (46, lo_from_bytea(0, decode('rO0ABXNyABFqYXZhLnV0aWwuSGFzaE1hcAUH2sHDFmDRAwACRgAKbG9hZEZhY3RvckkACXRocmVzaG9sZHhwP0AAAAAAAAB3CAAAABAAAAAAeA==', 'base64')), 46);
INSERT INTO preference (id, date) VALUES (91, '2026-04-01');
INSERT INTO preference_time_slots (preference_id, time_slots) VALUES (91, 1);
INSERT INTO preference_doctors (preference_id, doctors_ms3_tenant_user_id) VALUES (91, 46);
INSERT INTO doctor_preference_list (doctor_ms3_tenant_user_id, preference_list_id) VALUES (46, 91);
INSERT INTO preference (id, date) VALUES (92, '2026-04-02');
INSERT INTO preference_time_slots (preference_id, time_slots) VALUES (92, 2);
INSERT INTO preference_doctors (preference_id, doctors_ms3_tenant_user_id) VALUES (92, 46);
INSERT INTO doctor_preference_list (doctor_ms3_tenant_user_id, preference_list_id) VALUES (46, 92);
INSERT INTO doctor (ms3_tenant_user_id, birthday, email, lastname, name, password, tax_code, seniority) VALUES (47, '1973-11-11', 'doctor47@example.com', 'Cognome47', 'Nome47', 'password', 'TAXCODEX00000047', 1);
INSERT INTO tenantuser_systemactors (ms3_tenant_user_id, role) VALUES (47, 'DOCTOR');
INSERT INTO doctor_uffa_priority (id, general_priority, long_shift_priority, night_priority, partial_general_priority, partial_long_shift_priority, partial_night_priority, doctor_ms3_tenant_user_id, schedule_schedule_id) VALUES (47, 6, 4, 1, 6, 4, 1, 47, NULL);
INSERT INTO doctor_uffa_priority_snapshot (id, general_priority, long_shift_priority, night_priority, doctor_ms3_tenant_user_id, schedule_schedule_id) VALUES (47, 6, 4, 1, 47, NULL);
INSERT INTO doctor_holidays (doctor_holidays_id, holiday_map, doctor_ms3_tenant_user_id) VALUES (47, lo_from_bytea(0, decode('rO0ABXNyABFqYXZhLnV0aWwuSGFzaE1hcAUH2sHDFmDRAwACRgAKbG9hZEZhY3RvckkACXRocmVzaG9sZHhwP0AAAAAAAAB3CAAAABAAAAAAeA==', 'base64')), 47);
INSERT INTO preference (id, date) VALUES (93, '2026-04-03');
INSERT INTO preference_time_slots (preference_id, time_slots) VALUES (93, 2);
INSERT INTO preference_doctors (preference_id, doctors_ms3_tenant_user_id) VALUES (93, 47);
INSERT INTO doctor_preference_list (doctor_ms3_tenant_user_id, preference_list_id) VALUES (47, 93);
INSERT INTO preference (id, date) VALUES (94, '2026-04-04');
INSERT INTO preference_time_slots (preference_id, time_slots) VALUES (94, 0);
INSERT INTO preference_doctors (preference_id, doctors_ms3_tenant_user_id) VALUES (94, 47);
INSERT INTO doctor_preference_list (doctor_ms3_tenant_user_id, preference_list_id) VALUES (47, 94);
INSERT INTO doctor (ms3_tenant_user_id, birthday, email, lastname, name, password, tax_code, seniority) VALUES (48, '1973-12-11', 'doctor48@example.com', 'Cognome48', 'Nome48', 'password', 'TAXCODEX00000048', 2);
INSERT INTO tenantuser_systemactors (ms3_tenant_user_id, role) VALUES (48, 'DOCTOR');
INSERT INTO doctor_uffa_priority (id, general_priority, long_shift_priority, night_priority, partial_general_priority, partial_long_shift_priority, partial_night_priority, doctor_ms3_tenant_user_id, schedule_schedule_id) VALUES (48, 7, 5, 2, 7, 5, 2, 48, NULL);
INSERT INTO doctor_uffa_priority_snapshot (id, general_priority, long_shift_priority, night_priority, doctor_ms3_tenant_user_id, schedule_schedule_id) VALUES (48, 7, 5, 2, 48, NULL);
INSERT INTO doctor_holidays (doctor_holidays_id, holiday_map, doctor_ms3_tenant_user_id) VALUES (48, lo_from_bytea(0, decode('rO0ABXNyABFqYXZhLnV0aWwuSGFzaE1hcAUH2sHDFmDRAwACRgAKbG9hZEZhY3RvckkACXRocmVzaG9sZHhwP0AAAAAAAAB3CAAAABAAAAAAeA==', 'base64')), 48);
INSERT INTO preference (id, date) VALUES (95, '2026-04-05');
INSERT INTO preference_time_slots (preference_id, time_slots) VALUES (95, 0);
INSERT INTO preference_doctors (preference_id, doctors_ms3_tenant_user_id) VALUES (95, 48);
INSERT INTO doctor_preference_list (doctor_ms3_tenant_user_id, preference_list_id) VALUES (48, 95);
INSERT INTO preference (id, date) VALUES (96, '2026-04-06');
INSERT INTO preference_time_slots (preference_id, time_slots) VALUES (96, 1);
INSERT INTO preference_doctors (preference_id, doctors_ms3_tenant_user_id) VALUES (96, 48);
INSERT INTO doctor_preference_list (doctor_ms3_tenant_user_id, preference_list_id) VALUES (48, 96);
INSERT INTO doctor (ms3_tenant_user_id, birthday, email, lastname, name, password, tax_code, seniority) VALUES (49, '1974-01-10', 'doctor49@example.com', 'Cognome49', 'Nome49', 'password', 'TAXCODEX00000049', 0);
INSERT INTO tenantuser_systemactors (ms3_tenant_user_id, role) VALUES (49, 'DOCTOR');
INSERT INTO doctor_uffa_priority (id, general_priority, long_shift_priority, night_priority, partial_general_priority, partial_long_shift_priority, partial_night_priority, doctor_ms3_tenant_user_id, schedule_schedule_id) VALUES (49, 8, 6, 3, 8, 6, 3, 49, NULL);
INSERT INTO doctor_uffa_priority_snapshot (id, general_priority, long_shift_priority, night_priority, doctor_ms3_tenant_user_id, schedule_schedule_id) VALUES (49, 8, 6, 3, 49, NULL);
INSERT INTO doctor_holidays (doctor_holidays_id, holiday_map, doctor_ms3_tenant_user_id) VALUES (49, lo_from_bytea(0, decode('rO0ABXNyABFqYXZhLnV0aWwuSGFzaE1hcAUH2sHDFmDRAwACRgAKbG9hZEZhY3RvckkACXRocmVzaG9sZHhwP0AAAAAAAAB3CAAAABAAAAAAeA==', 'base64')), 49);
INSERT INTO preference (id, date) VALUES (97, '2026-04-07');
INSERT INTO preference_time_slots (preference_id, time_slots) VALUES (97, 1);
INSERT INTO preference_doctors (preference_id, doctors_ms3_tenant_user_id) VALUES (97, 49);
INSERT INTO doctor_preference_list (doctor_ms3_tenant_user_id, preference_list_id) VALUES (49, 97);
INSERT INTO preference (id, date) VALUES (98, '2026-04-08');
INSERT INTO preference_time_slots (preference_id, time_slots) VALUES (98, 2);
INSERT INTO preference_doctors (preference_id, doctors_ms3_tenant_user_id) VALUES (98, 49);
INSERT INTO doctor_preference_list (doctor_ms3_tenant_user_id, preference_list_id) VALUES (49, 98);
INSERT INTO doctor (ms3_tenant_user_id, birthday, email, lastname, name, password, tax_code, seniority) VALUES (50, '1974-02-09', 'doctor50@example.com', 'Cognome50', 'Nome50', 'password', 'TAXCODEX00000050', 1);
INSERT INTO tenantuser_systemactors (ms3_tenant_user_id, role) VALUES (50, 'DOCTOR');
INSERT INTO doctor_uffa_priority (id, general_priority, long_shift_priority, night_priority, partial_general_priority, partial_long_shift_priority, partial_night_priority, doctor_ms3_tenant_user_id, schedule_schedule_id) VALUES (50, 9, 0, 4, 9, 0, 4, 50, NULL);
INSERT INTO doctor_uffa_priority_snapshot (id, general_priority, long_shift_priority, night_priority, doctor_ms3_tenant_user_id, schedule_schedule_id) VALUES (50, 9, 0, 4, 50, NULL);
INSERT INTO doctor_holidays (doctor_holidays_id, holiday_map, doctor_ms3_tenant_user_id) VALUES (50, lo_from_bytea(0, decode('rO0ABXNyABFqYXZhLnV0aWwuSGFzaE1hcAUH2sHDFmDRAwACRgAKbG9hZEZhY3RvckkACXRocmVzaG9sZHhwP0AAAAAAAAB3CAAAABAAAAAAeA==', 'base64')), 50);
INSERT INTO preference (id, date) VALUES (99, '2026-04-09');
INSERT INTO preference_time_slots (preference_id, time_slots) VALUES (99, 2);
INSERT INTO preference_doctors (preference_id, doctors_ms3_tenant_user_id) VALUES (99, 50);
INSERT INTO doctor_preference_list (doctor_ms3_tenant_user_id, preference_list_id) VALUES (50, 99);
INSERT INTO preference (id, date) VALUES (100, '2026-04-10');
INSERT INTO preference_time_slots (preference_id, time_slots) VALUES (100, 0);
INSERT INTO preference_doctors (preference_id, doctors_ms3_tenant_user_id) VALUES (100, 50);
INSERT INTO doctor_preference_list (doctor_ms3_tenant_user_id, preference_list_id) VALUES (50, 100);
INSERT INTO doctor (ms3_tenant_user_id, birthday, email, lastname, name, password, tax_code, seniority) VALUES (51, '1974-03-11', 'doctor51@example.com', 'Cognome51', 'Nome51', 'password', 'TAXCODEX00000051', 2);
INSERT INTO tenantuser_systemactors (ms3_tenant_user_id, role) VALUES (51, 'DOCTOR');
INSERT INTO doctor_uffa_priority (id, general_priority, long_shift_priority, night_priority, partial_general_priority, partial_long_shift_priority, partial_night_priority, doctor_ms3_tenant_user_id, schedule_schedule_id) VALUES (51, 0, 1, 0, 0, 1, 0, 51, NULL);
INSERT INTO doctor_uffa_priority_snapshot (id, general_priority, long_shift_priority, night_priority, doctor_ms3_tenant_user_id, schedule_schedule_id) VALUES (51, 0, 1, 0, 51, NULL);
INSERT INTO doctor_holidays (doctor_holidays_id, holiday_map, doctor_ms3_tenant_user_id) VALUES (51, lo_from_bytea(0, decode('rO0ABXNyABFqYXZhLnV0aWwuSGFzaE1hcAUH2sHDFmDRAwACRgAKbG9hZEZhY3RvckkACXRocmVzaG9sZHhwP0AAAAAAAAB3CAAAABAAAAAAeA==', 'base64')), 51);
INSERT INTO preference (id, date) VALUES (101, '2026-04-11');
INSERT INTO preference_time_slots (preference_id, time_slots) VALUES (101, 0);
INSERT INTO preference_doctors (preference_id, doctors_ms3_tenant_user_id) VALUES (101, 51);
INSERT INTO doctor_preference_list (doctor_ms3_tenant_user_id, preference_list_id) VALUES (51, 101);
INSERT INTO preference (id, date) VALUES (102, '2026-04-12');
INSERT INTO preference_time_slots (preference_id, time_slots) VALUES (102, 1);
INSERT INTO preference_doctors (preference_id, doctors_ms3_tenant_user_id) VALUES (102, 51);
INSERT INTO doctor_preference_list (doctor_ms3_tenant_user_id, preference_list_id) VALUES (51, 102);
INSERT INTO doctor (ms3_tenant_user_id, birthday, email, lastname, name, password, tax_code, seniority) VALUES (52, '1974-04-10', 'doctor52@example.com', 'Cognome52', 'Nome52', 'password', 'TAXCODEX00000052', 0);
INSERT INTO tenantuser_systemactors (ms3_tenant_user_id, role) VALUES (52, 'DOCTOR');
INSERT INTO doctor_uffa_priority (id, general_priority, long_shift_priority, night_priority, partial_general_priority, partial_long_shift_priority, partial_night_priority, doctor_ms3_tenant_user_id, schedule_schedule_id) VALUES (52, 1, 2, 1, 1, 2, 1, 52, NULL);
INSERT INTO doctor_uffa_priority_snapshot (id, general_priority, long_shift_priority, night_priority, doctor_ms3_tenant_user_id, schedule_schedule_id) VALUES (52, 1, 2, 1, 52, NULL);
INSERT INTO doctor_holidays (doctor_holidays_id, holiday_map, doctor_ms3_tenant_user_id) VALUES (52, lo_from_bytea(0, decode('rO0ABXNyABFqYXZhLnV0aWwuSGFzaE1hcAUH2sHDFmDRAwACRgAKbG9hZEZhY3RvckkACXRocmVzaG9sZHhwP0AAAAAAAAB3CAAAABAAAAAAeA==', 'base64')), 52);
INSERT INTO preference (id, date) VALUES (103, '2026-04-13');
INSERT INTO preference_time_slots (preference_id, time_slots) VALUES (103, 1);
INSERT INTO preference_doctors (preference_id, doctors_ms3_tenant_user_id) VALUES (103, 52);
INSERT INTO doctor_preference_list (doctor_ms3_tenant_user_id, preference_list_id) VALUES (52, 103);
INSERT INTO preference (id, date) VALUES (104, '2026-04-14');
INSERT INTO preference_time_slots (preference_id, time_slots) VALUES (104, 2);
INSERT INTO preference_doctors (preference_id, doctors_ms3_tenant_user_id) VALUES (104, 52);
INSERT INTO doctor_preference_list (doctor_ms3_tenant_user_id, preference_list_id) VALUES (52, 104);
INSERT INTO doctor (ms3_tenant_user_id, birthday, email, lastname, name, password, tax_code, seniority) VALUES (53, '1974-05-10', 'doctor53@example.com', 'Cognome53', 'Nome53', 'password', 'TAXCODEX00000053', 1);
INSERT INTO tenantuser_systemactors (ms3_tenant_user_id, role) VALUES (53, 'DOCTOR');
INSERT INTO doctor_uffa_priority (id, general_priority, long_shift_priority, night_priority, partial_general_priority, partial_long_shift_priority, partial_night_priority, doctor_ms3_tenant_user_id, schedule_schedule_id) VALUES (53, 2, 3, 2, 2, 3, 2, 53, NULL);
INSERT INTO doctor_uffa_priority_snapshot (id, general_priority, long_shift_priority, night_priority, doctor_ms3_tenant_user_id, schedule_schedule_id) VALUES (53, 2, 3, 2, 53, NULL);
INSERT INTO doctor_holidays (doctor_holidays_id, holiday_map, doctor_ms3_tenant_user_id) VALUES (53, lo_from_bytea(0, decode('rO0ABXNyABFqYXZhLnV0aWwuSGFzaE1hcAUH2sHDFmDRAwACRgAKbG9hZEZhY3RvckkACXRocmVzaG9sZHhwP0AAAAAAAAB3CAAAABAAAAAAeA==', 'base64')), 53);
INSERT INTO preference (id, date) VALUES (105, '2026-04-15');
INSERT INTO preference_time_slots (preference_id, time_slots) VALUES (105, 2);
INSERT INTO preference_doctors (preference_id, doctors_ms3_tenant_user_id) VALUES (105, 53);
INSERT INTO doctor_preference_list (doctor_ms3_tenant_user_id, preference_list_id) VALUES (53, 105);
INSERT INTO preference (id, date) VALUES (106, '2026-04-16');
INSERT INTO preference_time_slots (preference_id, time_slots) VALUES (106, 0);
INSERT INTO preference_doctors (preference_id, doctors_ms3_tenant_user_id) VALUES (106, 53);
INSERT INTO doctor_preference_list (doctor_ms3_tenant_user_id, preference_list_id) VALUES (53, 106);
INSERT INTO doctor (ms3_tenant_user_id, birthday, email, lastname, name, password, tax_code, seniority) VALUES (54, '1974-06-09', 'doctor54@example.com', 'Cognome54', 'Nome54', 'password', 'TAXCODEX00000054', 2);
INSERT INTO tenantuser_systemactors (ms3_tenant_user_id, role) VALUES (54, 'DOCTOR');
INSERT INTO doctor_uffa_priority (id, general_priority, long_shift_priority, night_priority, partial_general_priority, partial_long_shift_priority, partial_night_priority, doctor_ms3_tenant_user_id, schedule_schedule_id) VALUES (54, 3, 4, 3, 3, 4, 3, 54, NULL);
INSERT INTO doctor_uffa_priority_snapshot (id, general_priority, long_shift_priority, night_priority, doctor_ms3_tenant_user_id, schedule_schedule_id) VALUES (54, 3, 4, 3, 54, NULL);
INSERT INTO doctor_holidays (doctor_holidays_id, holiday_map, doctor_ms3_tenant_user_id) VALUES (54, lo_from_bytea(0, decode('rO0ABXNyABFqYXZhLnV0aWwuSGFzaE1hcAUH2sHDFmDRAwACRgAKbG9hZEZhY3RvckkACXRocmVzaG9sZHhwP0AAAAAAAAB3CAAAABAAAAAAeA==', 'base64')), 54);
INSERT INTO preference (id, date) VALUES (107, '2026-04-17');
INSERT INTO preference_time_slots (preference_id, time_slots) VALUES (107, 0);
INSERT INTO preference_doctors (preference_id, doctors_ms3_tenant_user_id) VALUES (107, 54);
INSERT INTO doctor_preference_list (doctor_ms3_tenant_user_id, preference_list_id) VALUES (54, 107);
INSERT INTO preference (id, date) VALUES (108, '2026-04-18');
INSERT INTO preference_time_slots (preference_id, time_slots) VALUES (108, 1);
INSERT INTO preference_doctors (preference_id, doctors_ms3_tenant_user_id) VALUES (108, 54);
INSERT INTO doctor_preference_list (doctor_ms3_tenant_user_id, preference_list_id) VALUES (54, 108);
INSERT INTO doctor (ms3_tenant_user_id, birthday, email, lastname, name, password, tax_code, seniority) VALUES (55, '1974-07-09', 'doctor55@example.com', 'Cognome55', 'Nome55', 'password', 'TAXCODEX00000055', 0);
INSERT INTO tenantuser_systemactors (ms3_tenant_user_id, role) VALUES (55, 'DOCTOR');
INSERT INTO doctor_uffa_priority (id, general_priority, long_shift_priority, night_priority, partial_general_priority, partial_long_shift_priority, partial_night_priority, doctor_ms3_tenant_user_id, schedule_schedule_id) VALUES (55, 4, 5, 4, 4, 5, 4, 55, NULL);
INSERT INTO doctor_uffa_priority_snapshot (id, general_priority, long_shift_priority, night_priority, doctor_ms3_tenant_user_id, schedule_schedule_id) VALUES (55, 4, 5, 4, 55, NULL);
INSERT INTO doctor_holidays (doctor_holidays_id, holiday_map, doctor_ms3_tenant_user_id) VALUES (55, lo_from_bytea(0, decode('rO0ABXNyABFqYXZhLnV0aWwuSGFzaE1hcAUH2sHDFmDRAwACRgAKbG9hZEZhY3RvckkACXRocmVzaG9sZHhwP0AAAAAAAAB3CAAAABAAAAAAeA==', 'base64')), 55);
INSERT INTO preference (id, date) VALUES (109, '2026-04-19');
INSERT INTO preference_time_slots (preference_id, time_slots) VALUES (109, 1);
INSERT INTO preference_doctors (preference_id, doctors_ms3_tenant_user_id) VALUES (109, 55);
INSERT INTO doctor_preference_list (doctor_ms3_tenant_user_id, preference_list_id) VALUES (55, 109);
INSERT INTO preference (id, date) VALUES (110, '2026-04-20');
INSERT INTO preference_time_slots (preference_id, time_slots) VALUES (110, 2);
INSERT INTO preference_doctors (preference_id, doctors_ms3_tenant_user_id) VALUES (110, 55);
INSERT INTO doctor_preference_list (doctor_ms3_tenant_user_id, preference_list_id) VALUES (55, 110);
INSERT INTO doctor (ms3_tenant_user_id, birthday, email, lastname, name, password, tax_code, seniority) VALUES (56, '1974-08-08', 'doctor56@example.com', 'Cognome56', 'Nome56', 'password', 'TAXCODEX00000056', 1);
INSERT INTO tenantuser_systemactors (ms3_tenant_user_id, role) VALUES (56, 'DOCTOR');
INSERT INTO doctor_uffa_priority (id, general_priority, long_shift_priority, night_priority, partial_general_priority, partial_long_shift_priority, partial_night_priority, doctor_ms3_tenant_user_id, schedule_schedule_id) VALUES (56, 5, 6, 0, 5, 6, 0, 56, NULL);
INSERT INTO doctor_uffa_priority_snapshot (id, general_priority, long_shift_priority, night_priority, doctor_ms3_tenant_user_id, schedule_schedule_id) VALUES (56, 5, 6, 0, 56, NULL);
INSERT INTO doctor_holidays (doctor_holidays_id, holiday_map, doctor_ms3_tenant_user_id) VALUES (56, lo_from_bytea(0, decode('rO0ABXNyABFqYXZhLnV0aWwuSGFzaE1hcAUH2sHDFmDRAwACRgAKbG9hZEZhY3RvckkACXRocmVzaG9sZHhwP0AAAAAAAAB3CAAAABAAAAAAeA==', 'base64')), 56);
INSERT INTO preference (id, date) VALUES (111, '2026-04-21');
INSERT INTO preference_time_slots (preference_id, time_slots) VALUES (111, 2);
INSERT INTO preference_doctors (preference_id, doctors_ms3_tenant_user_id) VALUES (111, 56);
INSERT INTO doctor_preference_list (doctor_ms3_tenant_user_id, preference_list_id) VALUES (56, 111);
INSERT INTO preference (id, date) VALUES (112, '2026-04-22');
INSERT INTO preference_time_slots (preference_id, time_slots) VALUES (112, 0);
INSERT INTO preference_doctors (preference_id, doctors_ms3_tenant_user_id) VALUES (112, 56);
INSERT INTO doctor_preference_list (doctor_ms3_tenant_user_id, preference_list_id) VALUES (56, 112);
INSERT INTO doctor (ms3_tenant_user_id, birthday, email, lastname, name, password, tax_code, seniority) VALUES (57, '1974-09-07', 'doctor57@example.com', 'Cognome57', 'Nome57', 'password', 'TAXCODEX00000057', 2);
INSERT INTO tenantuser_systemactors (ms3_tenant_user_id, role) VALUES (57, 'DOCTOR');
INSERT INTO doctor_uffa_priority (id, general_priority, long_shift_priority, night_priority, partial_general_priority, partial_long_shift_priority, partial_night_priority, doctor_ms3_tenant_user_id, schedule_schedule_id) VALUES (57, 6, 0, 1, 6, 0, 1, 57, NULL);
INSERT INTO doctor_uffa_priority_snapshot (id, general_priority, long_shift_priority, night_priority, doctor_ms3_tenant_user_id, schedule_schedule_id) VALUES (57, 6, 0, 1, 57, NULL);
INSERT INTO doctor_holidays (doctor_holidays_id, holiday_map, doctor_ms3_tenant_user_id) VALUES (57, lo_from_bytea(0, decode('rO0ABXNyABFqYXZhLnV0aWwuSGFzaE1hcAUH2sHDFmDRAwACRgAKbG9hZEZhY3RvckkACXRocmVzaG9sZHhwP0AAAAAAAAB3CAAAABAAAAAAeA==', 'base64')), 57);
INSERT INTO preference (id, date) VALUES (113, '2026-04-23');
INSERT INTO preference_time_slots (preference_id, time_slots) VALUES (113, 0);
INSERT INTO preference_doctors (preference_id, doctors_ms3_tenant_user_id) VALUES (113, 57);
INSERT INTO doctor_preference_list (doctor_ms3_tenant_user_id, preference_list_id) VALUES (57, 113);
INSERT INTO preference (id, date) VALUES (114, '2026-04-24');
INSERT INTO preference_time_slots (preference_id, time_slots) VALUES (114, 1);
INSERT INTO preference_doctors (preference_id, doctors_ms3_tenant_user_id) VALUES (114, 57);
INSERT INTO doctor_preference_list (doctor_ms3_tenant_user_id, preference_list_id) VALUES (57, 114);
INSERT INTO doctor (ms3_tenant_user_id, birthday, email, lastname, name, password, tax_code, seniority) VALUES (58, '1974-10-07', 'doctor58@example.com', 'Cognome58', 'Nome58', 'password', 'TAXCODEX00000058', 0);
INSERT INTO tenantuser_systemactors (ms3_tenant_user_id, role) VALUES (58, 'DOCTOR');
INSERT INTO doctor_uffa_priority (id, general_priority, long_shift_priority, night_priority, partial_general_priority, partial_long_shift_priority, partial_night_priority, doctor_ms3_tenant_user_id, schedule_schedule_id) VALUES (58, 7, 1, 2, 7, 1, 2, 58, NULL);
INSERT INTO doctor_uffa_priority_snapshot (id, general_priority, long_shift_priority, night_priority, doctor_ms3_tenant_user_id, schedule_schedule_id) VALUES (58, 7, 1, 2, 58, NULL);
INSERT INTO doctor_holidays (doctor_holidays_id, holiday_map, doctor_ms3_tenant_user_id) VALUES (58, lo_from_bytea(0, decode('rO0ABXNyABFqYXZhLnV0aWwuSGFzaE1hcAUH2sHDFmDRAwACRgAKbG9hZEZhY3RvckkACXRocmVzaG9sZHhwP0AAAAAAAAB3CAAAABAAAAAAeA==', 'base64')), 58);
INSERT INTO preference (id, date) VALUES (115, '2026-04-25');
INSERT INTO preference_time_slots (preference_id, time_slots) VALUES (115, 1);
INSERT INTO preference_doctors (preference_id, doctors_ms3_tenant_user_id) VALUES (115, 58);
INSERT INTO doctor_preference_list (doctor_ms3_tenant_user_id, preference_list_id) VALUES (58, 115);
INSERT INTO preference (id, date) VALUES (116, '2026-04-26');
INSERT INTO preference_time_slots (preference_id, time_slots) VALUES (116, 2);
INSERT INTO preference_doctors (preference_id, doctors_ms3_tenant_user_id) VALUES (116, 58);
INSERT INTO doctor_preference_list (doctor_ms3_tenant_user_id, preference_list_id) VALUES (58, 116);
INSERT INTO doctor (ms3_tenant_user_id, birthday, email, lastname, name, password, tax_code, seniority) VALUES (59, '1974-11-06', 'doctor59@example.com', 'Cognome59', 'Nome59', 'password', 'TAXCODEX00000059', 1);
INSERT INTO tenantuser_systemactors (ms3_tenant_user_id, role) VALUES (59, 'DOCTOR');
INSERT INTO doctor_uffa_priority (id, general_priority, long_shift_priority, night_priority, partial_general_priority, partial_long_shift_priority, partial_night_priority, doctor_ms3_tenant_user_id, schedule_schedule_id) VALUES (59, 8, 2, 3, 8, 2, 3, 59, NULL);
INSERT INTO doctor_uffa_priority_snapshot (id, general_priority, long_shift_priority, night_priority, doctor_ms3_tenant_user_id, schedule_schedule_id) VALUES (59, 8, 2, 3, 59, NULL);
INSERT INTO doctor_holidays (doctor_holidays_id, holiday_map, doctor_ms3_tenant_user_id) VALUES (59, lo_from_bytea(0, decode('rO0ABXNyABFqYXZhLnV0aWwuSGFzaE1hcAUH2sHDFmDRAwACRgAKbG9hZEZhY3RvckkACXRocmVzaG9sZHhwP0AAAAAAAAB3CAAAABAAAAAAeA==', 'base64')), 59);
INSERT INTO preference (id, date) VALUES (117, '2026-04-27');
INSERT INTO preference_time_slots (preference_id, time_slots) VALUES (117, 2);
INSERT INTO preference_doctors (preference_id, doctors_ms3_tenant_user_id) VALUES (117, 59);
INSERT INTO doctor_preference_list (doctor_ms3_tenant_user_id, preference_list_id) VALUES (59, 117);
INSERT INTO preference (id, date) VALUES (118, '2026-04-28');
INSERT INTO preference_time_slots (preference_id, time_slots) VALUES (118, 0);
INSERT INTO preference_doctors (preference_id, doctors_ms3_tenant_user_id) VALUES (118, 59);
INSERT INTO doctor_preference_list (doctor_ms3_tenant_user_id, preference_list_id) VALUES (59, 118);
INSERT INTO doctor (ms3_tenant_user_id, birthday, email, lastname, name, password, tax_code, seniority) VALUES (60, '1974-12-06', 'doctor60@example.com', 'Cognome60', 'Nome60', 'password', 'TAXCODEX00000060', 2);
INSERT INTO tenantuser_systemactors (ms3_tenant_user_id, role) VALUES (60, 'DOCTOR');
INSERT INTO doctor_uffa_priority (id, general_priority, long_shift_priority, night_priority, partial_general_priority, partial_long_shift_priority, partial_night_priority, doctor_ms3_tenant_user_id, schedule_schedule_id) VALUES (60, 9, 3, 4, 9, 3, 4, 60, NULL);
INSERT INTO doctor_uffa_priority_snapshot (id, general_priority, long_shift_priority, night_priority, doctor_ms3_tenant_user_id, schedule_schedule_id) VALUES (60, 9, 3, 4, 60, NULL);
INSERT INTO doctor_holidays (doctor_holidays_id, holiday_map, doctor_ms3_tenant_user_id) VALUES (60, lo_from_bytea(0, decode('rO0ABXNyABFqYXZhLnV0aWwuSGFzaE1hcAUH2sHDFmDRAwACRgAKbG9hZEZhY3RvckkACXRocmVzaG9sZHhwP0AAAAAAAAB3CAAAABAAAAAAeA==', 'base64')), 60);
INSERT INTO preference (id, date) VALUES (119, '2026-04-29');
INSERT INTO preference_time_slots (preference_id, time_slots) VALUES (119, 0);
INSERT INTO preference_doctors (preference_id, doctors_ms3_tenant_user_id) VALUES (119, 60);
INSERT INTO doctor_preference_list (doctor_ms3_tenant_user_id, preference_list_id) VALUES (60, 119);
INSERT INTO preference (id, date) VALUES (120, '2026-04-30');
INSERT INTO preference_time_slots (preference_id, time_slots) VALUES (120, 1);
INSERT INTO preference_doctors (preference_id, doctors_ms3_tenant_user_id) VALUES (120, 60);
INSERT INTO doctor_preference_list (doctor_ms3_tenant_user_id, preference_list_id) VALUES (60, 120);
INSERT INTO doctor (ms3_tenant_user_id, birthday, email, lastname, name, password, tax_code, seniority) VALUES (61, '1975-01-05', 'doctor61@example.com', 'Cognome61', 'Nome61', 'password', 'TAXCODEX00000061', 0);
INSERT INTO tenantuser_systemactors (ms3_tenant_user_id, role) VALUES (61, 'DOCTOR');
INSERT INTO doctor_uffa_priority (id, general_priority, long_shift_priority, night_priority, partial_general_priority, partial_long_shift_priority, partial_night_priority, doctor_ms3_tenant_user_id, schedule_schedule_id) VALUES (61, 0, 4, 0, 0, 4, 0, 61, NULL);
INSERT INTO doctor_uffa_priority_snapshot (id, general_priority, long_shift_priority, night_priority, doctor_ms3_tenant_user_id, schedule_schedule_id) VALUES (61, 0, 4, 0, 61, NULL);
INSERT INTO doctor_holidays (doctor_holidays_id, holiday_map, doctor_ms3_tenant_user_id) VALUES (61, lo_from_bytea(0, decode('rO0ABXNyABFqYXZhLnV0aWwuSGFzaE1hcAUH2sHDFmDRAwACRgAKbG9hZEZhY3RvckkACXRocmVzaG9sZHhwP0AAAAAAAAB3CAAAABAAAAAAeA==', 'base64')), 61);
INSERT INTO preference (id, date) VALUES (121, '2026-05-01');
INSERT INTO preference_time_slots (preference_id, time_slots) VALUES (121, 1);
INSERT INTO preference_doctors (preference_id, doctors_ms3_tenant_user_id) VALUES (121, 61);
INSERT INTO doctor_preference_list (doctor_ms3_tenant_user_id, preference_list_id) VALUES (61, 121);
INSERT INTO preference (id, date) VALUES (122, '2026-05-02');
INSERT INTO preference_time_slots (preference_id, time_slots) VALUES (122, 2);
INSERT INTO preference_doctors (preference_id, doctors_ms3_tenant_user_id) VALUES (122, 61);
INSERT INTO doctor_preference_list (doctor_ms3_tenant_user_id, preference_list_id) VALUES (61, 122);
INSERT INTO doctor (ms3_tenant_user_id, birthday, email, lastname, name, password, tax_code, seniority) VALUES (62, '1975-02-04', 'doctor62@example.com', 'Cognome62', 'Nome62', 'password', 'TAXCODEX00000062', 1);
INSERT INTO tenantuser_systemactors (ms3_tenant_user_id, role) VALUES (62, 'DOCTOR');
INSERT INTO doctor_uffa_priority (id, general_priority, long_shift_priority, night_priority, partial_general_priority, partial_long_shift_priority, partial_night_priority, doctor_ms3_tenant_user_id, schedule_schedule_id) VALUES (62, 1, 5, 1, 1, 5, 1, 62, NULL);
INSERT INTO doctor_uffa_priority_snapshot (id, general_priority, long_shift_priority, night_priority, doctor_ms3_tenant_user_id, schedule_schedule_id) VALUES (62, 1, 5, 1, 62, NULL);
INSERT INTO doctor_holidays (doctor_holidays_id, holiday_map, doctor_ms3_tenant_user_id) VALUES (62, lo_from_bytea(0, decode('rO0ABXNyABFqYXZhLnV0aWwuSGFzaE1hcAUH2sHDFmDRAwACRgAKbG9hZEZhY3RvckkACXRocmVzaG9sZHhwP0AAAAAAAAB3CAAAABAAAAAAeA==', 'base64')), 62);
INSERT INTO preference (id, date) VALUES (123, '2026-05-03');
INSERT INTO preference_time_slots (preference_id, time_slots) VALUES (123, 2);
INSERT INTO preference_doctors (preference_id, doctors_ms3_tenant_user_id) VALUES (123, 62);
INSERT INTO doctor_preference_list (doctor_ms3_tenant_user_id, preference_list_id) VALUES (62, 123);
INSERT INTO preference (id, date) VALUES (124, '2026-05-04');
INSERT INTO preference_time_slots (preference_id, time_slots) VALUES (124, 0);
INSERT INTO preference_doctors (preference_id, doctors_ms3_tenant_user_id) VALUES (124, 62);
INSERT INTO doctor_preference_list (doctor_ms3_tenant_user_id, preference_list_id) VALUES (62, 124);
INSERT INTO doctor (ms3_tenant_user_id, birthday, email, lastname, name, password, tax_code, seniority) VALUES (63, '1975-03-06', 'doctor63@example.com', 'Cognome63', 'Nome63', 'password', 'TAXCODEX00000063', 2);
INSERT INTO tenantuser_systemactors (ms3_tenant_user_id, role) VALUES (63, 'DOCTOR');
INSERT INTO doctor_uffa_priority (id, general_priority, long_shift_priority, night_priority, partial_general_priority, partial_long_shift_priority, partial_night_priority, doctor_ms3_tenant_user_id, schedule_schedule_id) VALUES (63, 2, 6, 2, 2, 6, 2, 63, NULL);
INSERT INTO doctor_uffa_priority_snapshot (id, general_priority, long_shift_priority, night_priority, doctor_ms3_tenant_user_id, schedule_schedule_id) VALUES (63, 2, 6, 2, 63, NULL);
INSERT INTO doctor_holidays (doctor_holidays_id, holiday_map, doctor_ms3_tenant_user_id) VALUES (63, lo_from_bytea(0, decode('rO0ABXNyABFqYXZhLnV0aWwuSGFzaE1hcAUH2sHDFmDRAwACRgAKbG9hZEZhY3RvckkACXRocmVzaG9sZHhwP0AAAAAAAAB3CAAAABAAAAAAeA==', 'base64')), 63);
INSERT INTO preference (id, date) VALUES (125, '2026-05-05');
INSERT INTO preference_time_slots (preference_id, time_slots) VALUES (125, 0);
INSERT INTO preference_doctors (preference_id, doctors_ms3_tenant_user_id) VALUES (125, 63);
INSERT INTO doctor_preference_list (doctor_ms3_tenant_user_id, preference_list_id) VALUES (63, 125);
INSERT INTO preference (id, date) VALUES (126, '2026-05-06');
INSERT INTO preference_time_slots (preference_id, time_slots) VALUES (126, 1);
INSERT INTO preference_doctors (preference_id, doctors_ms3_tenant_user_id) VALUES (126, 63);
INSERT INTO doctor_preference_list (doctor_ms3_tenant_user_id, preference_list_id) VALUES (63, 126);
INSERT INTO doctor (ms3_tenant_user_id, birthday, email, lastname, name, password, tax_code, seniority) VALUES (64, '1975-04-05', 'doctor64@example.com', 'Cognome64', 'Nome64', 'password', 'TAXCODEX00000064', 0);
INSERT INTO tenantuser_systemactors (ms3_tenant_user_id, role) VALUES (64, 'DOCTOR');
INSERT INTO doctor_uffa_priority (id, general_priority, long_shift_priority, night_priority, partial_general_priority, partial_long_shift_priority, partial_night_priority, doctor_ms3_tenant_user_id, schedule_schedule_id) VALUES (64, 3, 0, 3, 3, 0, 3, 64, NULL);
INSERT INTO doctor_uffa_priority_snapshot (id, general_priority, long_shift_priority, night_priority, doctor_ms3_tenant_user_id, schedule_schedule_id) VALUES (64, 3, 0, 3, 64, NULL);
INSERT INTO doctor_holidays (doctor_holidays_id, holiday_map, doctor_ms3_tenant_user_id) VALUES (64, lo_from_bytea(0, decode('rO0ABXNyABFqYXZhLnV0aWwuSGFzaE1hcAUH2sHDFmDRAwACRgAKbG9hZEZhY3RvckkACXRocmVzaG9sZHhwP0AAAAAAAAB3CAAAABAAAAAAeA==', 'base64')), 64);
INSERT INTO preference (id, date) VALUES (127, '2026-05-07');
INSERT INTO preference_time_slots (preference_id, time_slots) VALUES (127, 1);
INSERT INTO preference_doctors (preference_id, doctors_ms3_tenant_user_id) VALUES (127, 64);
INSERT INTO doctor_preference_list (doctor_ms3_tenant_user_id, preference_list_id) VALUES (64, 127);
INSERT INTO preference (id, date) VALUES (128, '2026-05-08');
INSERT INTO preference_time_slots (preference_id, time_slots) VALUES (128, 2);
INSERT INTO preference_doctors (preference_id, doctors_ms3_tenant_user_id) VALUES (128, 64);
INSERT INTO doctor_preference_list (doctor_ms3_tenant_user_id, preference_list_id) VALUES (64, 128);
INSERT INTO doctor (ms3_tenant_user_id, birthday, email, lastname, name, password, tax_code, seniority) VALUES (65, '1975-05-05', 'doctor65@example.com', 'Cognome65', 'Nome65', 'password', 'TAXCODEX00000065', 1);
INSERT INTO tenantuser_systemactors (ms3_tenant_user_id, role) VALUES (65, 'DOCTOR');
INSERT INTO doctor_uffa_priority (id, general_priority, long_shift_priority, night_priority, partial_general_priority, partial_long_shift_priority, partial_night_priority, doctor_ms3_tenant_user_id, schedule_schedule_id) VALUES (65, 4, 1, 4, 4, 1, 4, 65, NULL);
INSERT INTO doctor_uffa_priority_snapshot (id, general_priority, long_shift_priority, night_priority, doctor_ms3_tenant_user_id, schedule_schedule_id) VALUES (65, 4, 1, 4, 65, NULL);
INSERT INTO doctor_holidays (doctor_holidays_id, holiday_map, doctor_ms3_tenant_user_id) VALUES (65, lo_from_bytea(0, decode('rO0ABXNyABFqYXZhLnV0aWwuSGFzaE1hcAUH2sHDFmDRAwACRgAKbG9hZEZhY3RvckkACXRocmVzaG9sZHhwP0AAAAAAAAB3CAAAABAAAAAAeA==', 'base64')), 65);
INSERT INTO preference (id, date) VALUES (129, '2026-05-09');
INSERT INTO preference_time_slots (preference_id, time_slots) VALUES (129, 2);
INSERT INTO preference_doctors (preference_id, doctors_ms3_tenant_user_id) VALUES (129, 65);
INSERT INTO doctor_preference_list (doctor_ms3_tenant_user_id, preference_list_id) VALUES (65, 129);
INSERT INTO preference (id, date) VALUES (130, '2026-05-10');
INSERT INTO preference_time_slots (preference_id, time_slots) VALUES (130, 0);
INSERT INTO preference_doctors (preference_id, doctors_ms3_tenant_user_id) VALUES (130, 65);
INSERT INTO doctor_preference_list (doctor_ms3_tenant_user_id, preference_list_id) VALUES (65, 130);
INSERT INTO doctor (ms3_tenant_user_id, birthday, email, lastname, name, password, tax_code, seniority) VALUES (66, '1975-06-04', 'doctor66@example.com', 'Cognome66', 'Nome66', 'password', 'TAXCODEX00000066', 2);
INSERT INTO tenantuser_systemactors (ms3_tenant_user_id, role) VALUES (66, 'DOCTOR');
INSERT INTO doctor_uffa_priority (id, general_priority, long_shift_priority, night_priority, partial_general_priority, partial_long_shift_priority, partial_night_priority, doctor_ms3_tenant_user_id, schedule_schedule_id) VALUES (66, 5, 2, 0, 5, 2, 0, 66, NULL);
INSERT INTO doctor_uffa_priority_snapshot (id, general_priority, long_shift_priority, night_priority, doctor_ms3_tenant_user_id, schedule_schedule_id) VALUES (66, 5, 2, 0, 66, NULL);
INSERT INTO doctor_holidays (doctor_holidays_id, holiday_map, doctor_ms3_tenant_user_id) VALUES (66, lo_from_bytea(0, decode('rO0ABXNyABFqYXZhLnV0aWwuSGFzaE1hcAUH2sHDFmDRAwACRgAKbG9hZEZhY3RvckkACXRocmVzaG9sZHhwP0AAAAAAAAB3CAAAABAAAAAAeA==', 'base64')), 66);
INSERT INTO preference (id, date) VALUES (131, '2026-05-11');
INSERT INTO preference_time_slots (preference_id, time_slots) VALUES (131, 0);
INSERT INTO preference_doctors (preference_id, doctors_ms3_tenant_user_id) VALUES (131, 66);
INSERT INTO doctor_preference_list (doctor_ms3_tenant_user_id, preference_list_id) VALUES (66, 131);
INSERT INTO preference (id, date) VALUES (132, '2026-05-12');
INSERT INTO preference_time_slots (preference_id, time_slots) VALUES (132, 1);
INSERT INTO preference_doctors (preference_id, doctors_ms3_tenant_user_id) VALUES (132, 66);
INSERT INTO doctor_preference_list (doctor_ms3_tenant_user_id, preference_list_id) VALUES (66, 132);
INSERT INTO doctor (ms3_tenant_user_id, birthday, email, lastname, name, password, tax_code, seniority) VALUES (67, '1975-07-04', 'doctor67@example.com', 'Cognome67', 'Nome67', 'password', 'TAXCODEX00000067', 0);
INSERT INTO tenantuser_systemactors (ms3_tenant_user_id, role) VALUES (67, 'DOCTOR');
INSERT INTO doctor_uffa_priority (id, general_priority, long_shift_priority, night_priority, partial_general_priority, partial_long_shift_priority, partial_night_priority, doctor_ms3_tenant_user_id, schedule_schedule_id) VALUES (67, 6, 3, 1, 6, 3, 1, 67, NULL);
INSERT INTO doctor_uffa_priority_snapshot (id, general_priority, long_shift_priority, night_priority, doctor_ms3_tenant_user_id, schedule_schedule_id) VALUES (67, 6, 3, 1, 67, NULL);
INSERT INTO doctor_holidays (doctor_holidays_id, holiday_map, doctor_ms3_tenant_user_id) VALUES (67, lo_from_bytea(0, decode('rO0ABXNyABFqYXZhLnV0aWwuSGFzaE1hcAUH2sHDFmDRAwACRgAKbG9hZEZhY3RvckkACXRocmVzaG9sZHhwP0AAAAAAAAB3CAAAABAAAAAAeA==', 'base64')), 67);
INSERT INTO preference (id, date) VALUES (133, '2026-05-13');
INSERT INTO preference_time_slots (preference_id, time_slots) VALUES (133, 1);
INSERT INTO preference_doctors (preference_id, doctors_ms3_tenant_user_id) VALUES (133, 67);
INSERT INTO doctor_preference_list (doctor_ms3_tenant_user_id, preference_list_id) VALUES (67, 133);
INSERT INTO preference (id, date) VALUES (134, '2026-05-14');
INSERT INTO preference_time_slots (preference_id, time_slots) VALUES (134, 2);
INSERT INTO preference_doctors (preference_id, doctors_ms3_tenant_user_id) VALUES (134, 67);
INSERT INTO doctor_preference_list (doctor_ms3_tenant_user_id, preference_list_id) VALUES (67, 134);
INSERT INTO doctor (ms3_tenant_user_id, birthday, email, lastname, name, password, tax_code, seniority) VALUES (68, '1975-08-03', 'doctor68@example.com', 'Cognome68', 'Nome68', 'password', 'TAXCODEX00000068', 1);
INSERT INTO tenantuser_systemactors (ms3_tenant_user_id, role) VALUES (68, 'DOCTOR');
INSERT INTO doctor_uffa_priority (id, general_priority, long_shift_priority, night_priority, partial_general_priority, partial_long_shift_priority, partial_night_priority, doctor_ms3_tenant_user_id, schedule_schedule_id) VALUES (68, 7, 4, 2, 7, 4, 2, 68, NULL);
INSERT INTO doctor_uffa_priority_snapshot (id, general_priority, long_shift_priority, night_priority, doctor_ms3_tenant_user_id, schedule_schedule_id) VALUES (68, 7, 4, 2, 68, NULL);
INSERT INTO doctor_holidays (doctor_holidays_id, holiday_map, doctor_ms3_tenant_user_id) VALUES (68, lo_from_bytea(0, decode('rO0ABXNyABFqYXZhLnV0aWwuSGFzaE1hcAUH2sHDFmDRAwACRgAKbG9hZEZhY3RvckkACXRocmVzaG9sZHhwP0AAAAAAAAB3CAAAABAAAAAAeA==', 'base64')), 68);
INSERT INTO preference (id, date) VALUES (135, '2026-05-15');
INSERT INTO preference_time_slots (preference_id, time_slots) VALUES (135, 2);
INSERT INTO preference_doctors (preference_id, doctors_ms3_tenant_user_id) VALUES (135, 68);
INSERT INTO doctor_preference_list (doctor_ms3_tenant_user_id, preference_list_id) VALUES (68, 135);
INSERT INTO preference (id, date) VALUES (136, '2026-05-16');
INSERT INTO preference_time_slots (preference_id, time_slots) VALUES (136, 0);
INSERT INTO preference_doctors (preference_id, doctors_ms3_tenant_user_id) VALUES (136, 68);
INSERT INTO doctor_preference_list (doctor_ms3_tenant_user_id, preference_list_id) VALUES (68, 136);
INSERT INTO doctor (ms3_tenant_user_id, birthday, email, lastname, name, password, tax_code, seniority) VALUES (69, '1975-09-02', 'doctor69@example.com', 'Cognome69', 'Nome69', 'password', 'TAXCODEX00000069', 2);
INSERT INTO tenantuser_systemactors (ms3_tenant_user_id, role) VALUES (69, 'DOCTOR');
INSERT INTO doctor_uffa_priority (id, general_priority, long_shift_priority, night_priority, partial_general_priority, partial_long_shift_priority, partial_night_priority, doctor_ms3_tenant_user_id, schedule_schedule_id) VALUES (69, 8, 5, 3, 8, 5, 3, 69, NULL);
INSERT INTO doctor_uffa_priority_snapshot (id, general_priority, long_shift_priority, night_priority, doctor_ms3_tenant_user_id, schedule_schedule_id) VALUES (69, 8, 5, 3, 69, NULL);
INSERT INTO doctor_holidays (doctor_holidays_id, holiday_map, doctor_ms3_tenant_user_id) VALUES (69, lo_from_bytea(0, decode('rO0ABXNyABFqYXZhLnV0aWwuSGFzaE1hcAUH2sHDFmDRAwACRgAKbG9hZEZhY3RvckkACXRocmVzaG9sZHhwP0AAAAAAAAB3CAAAABAAAAAAeA==', 'base64')), 69);
INSERT INTO preference (id, date) VALUES (137, '2026-05-17');
INSERT INTO preference_time_slots (preference_id, time_slots) VALUES (137, 0);
INSERT INTO preference_doctors (preference_id, doctors_ms3_tenant_user_id) VALUES (137, 69);
INSERT INTO doctor_preference_list (doctor_ms3_tenant_user_id, preference_list_id) VALUES (69, 137);
INSERT INTO preference (id, date) VALUES (138, '2026-05-18');
INSERT INTO preference_time_slots (preference_id, time_slots) VALUES (138, 1);
INSERT INTO preference_doctors (preference_id, doctors_ms3_tenant_user_id) VALUES (138, 69);
INSERT INTO doctor_preference_list (doctor_ms3_tenant_user_id, preference_list_id) VALUES (69, 138);
INSERT INTO doctor (ms3_tenant_user_id, birthday, email, lastname, name, password, tax_code, seniority) VALUES (70, '1975-10-02', 'doctor70@example.com', 'Cognome70', 'Nome70', 'password', 'TAXCODEX00000070', 0);
INSERT INTO tenantuser_systemactors (ms3_tenant_user_id, role) VALUES (70, 'DOCTOR');
INSERT INTO doctor_uffa_priority (id, general_priority, long_shift_priority, night_priority, partial_general_priority, partial_long_shift_priority, partial_night_priority, doctor_ms3_tenant_user_id, schedule_schedule_id) VALUES (70, 9, 6, 4, 9, 6, 4, 70, NULL);
INSERT INTO doctor_uffa_priority_snapshot (id, general_priority, long_shift_priority, night_priority, doctor_ms3_tenant_user_id, schedule_schedule_id) VALUES (70, 9, 6, 4, 70, NULL);
INSERT INTO doctor_holidays (doctor_holidays_id, holiday_map, doctor_ms3_tenant_user_id) VALUES (70, lo_from_bytea(0, decode('rO0ABXNyABFqYXZhLnV0aWwuSGFzaE1hcAUH2sHDFmDRAwACRgAKbG9hZEZhY3RvckkACXRocmVzaG9sZHhwP0AAAAAAAAB3CAAAABAAAAAAeA==', 'base64')), 70);
INSERT INTO preference (id, date) VALUES (139, '2026-05-19');
INSERT INTO preference_time_slots (preference_id, time_slots) VALUES (139, 1);
INSERT INTO preference_doctors (preference_id, doctors_ms3_tenant_user_id) VALUES (139, 70);
INSERT INTO doctor_preference_list (doctor_ms3_tenant_user_id, preference_list_id) VALUES (70, 139);
INSERT INTO preference (id, date) VALUES (140, '2026-05-20');
INSERT INTO preference_time_slots (preference_id, time_slots) VALUES (140, 2);
INSERT INTO preference_doctors (preference_id, doctors_ms3_tenant_user_id) VALUES (140, 70);
INSERT INTO doctor_preference_list (doctor_ms3_tenant_user_id, preference_list_id) VALUES (70, 140);
INSERT INTO doctor (ms3_tenant_user_id, birthday, email, lastname, name, password, tax_code, seniority) VALUES (71, '1975-11-01', 'doctor71@example.com', 'Cognome71', 'Nome71', 'password', 'TAXCODEX00000071', 1);
INSERT INTO tenantuser_systemactors (ms3_tenant_user_id, role) VALUES (71, 'DOCTOR');
INSERT INTO doctor_uffa_priority (id, general_priority, long_shift_priority, night_priority, partial_general_priority, partial_long_shift_priority, partial_night_priority, doctor_ms3_tenant_user_id, schedule_schedule_id) VALUES (71, 0, 0, 0, 0, 0, 0, 71, NULL);
INSERT INTO doctor_uffa_priority_snapshot (id, general_priority, long_shift_priority, night_priority, doctor_ms3_tenant_user_id, schedule_schedule_id) VALUES (71, 0, 0, 0, 71, NULL);
INSERT INTO doctor_holidays (doctor_holidays_id, holiday_map, doctor_ms3_tenant_user_id) VALUES (71, lo_from_bytea(0, decode('rO0ABXNyABFqYXZhLnV0aWwuSGFzaE1hcAUH2sHDFmDRAwACRgAKbG9hZEZhY3RvckkACXRocmVzaG9sZHhwP0AAAAAAAAB3CAAAABAAAAAAeA==', 'base64')), 71);
INSERT INTO preference (id, date) VALUES (141, '2026-05-21');
INSERT INTO preference_time_slots (preference_id, time_slots) VALUES (141, 2);
INSERT INTO preference_doctors (preference_id, doctors_ms3_tenant_user_id) VALUES (141, 71);
INSERT INTO doctor_preference_list (doctor_ms3_tenant_user_id, preference_list_id) VALUES (71, 141);
INSERT INTO preference (id, date) VALUES (142, '2026-05-22');
INSERT INTO preference_time_slots (preference_id, time_slots) VALUES (142, 0);
INSERT INTO preference_doctors (preference_id, doctors_ms3_tenant_user_id) VALUES (142, 71);
INSERT INTO doctor_preference_list (doctor_ms3_tenant_user_id, preference_list_id) VALUES (71, 142);
INSERT INTO doctor (ms3_tenant_user_id, birthday, email, lastname, name, password, tax_code, seniority) VALUES (72, '1975-12-01', 'doctor72@example.com', 'Cognome72', 'Nome72', 'password', 'TAXCODEX00000072', 2);
INSERT INTO tenantuser_systemactors (ms3_tenant_user_id, role) VALUES (72, 'DOCTOR');
INSERT INTO doctor_uffa_priority (id, general_priority, long_shift_priority, night_priority, partial_general_priority, partial_long_shift_priority, partial_night_priority, doctor_ms3_tenant_user_id, schedule_schedule_id) VALUES (72, 1, 1, 1, 1, 1, 1, 72, NULL);
INSERT INTO doctor_uffa_priority_snapshot (id, general_priority, long_shift_priority, night_priority, doctor_ms3_tenant_user_id, schedule_schedule_id) VALUES (72, 1, 1, 1, 72, NULL);
INSERT INTO doctor_holidays (doctor_holidays_id, holiday_map, doctor_ms3_tenant_user_id) VALUES (72, lo_from_bytea(0, decode('rO0ABXNyABFqYXZhLnV0aWwuSGFzaE1hcAUH2sHDFmDRAwACRgAKbG9hZEZhY3RvckkACXRocmVzaG9sZHhwP0AAAAAAAAB3CAAAABAAAAAAeA==', 'base64')), 72);
INSERT INTO preference (id, date) VALUES (143, '2026-05-23');
INSERT INTO preference_time_slots (preference_id, time_slots) VALUES (143, 0);
INSERT INTO preference_doctors (preference_id, doctors_ms3_tenant_user_id) VALUES (143, 72);
INSERT INTO doctor_preference_list (doctor_ms3_tenant_user_id, preference_list_id) VALUES (72, 143);
INSERT INTO preference (id, date) VALUES (144, '2026-05-24');
INSERT INTO preference_time_slots (preference_id, time_slots) VALUES (144, 1);
INSERT INTO preference_doctors (preference_id, doctors_ms3_tenant_user_id) VALUES (144, 72);
INSERT INTO doctor_preference_list (doctor_ms3_tenant_user_id, preference_list_id) VALUES (72, 144);
INSERT INTO doctor (ms3_tenant_user_id, birthday, email, lastname, name, password, tax_code, seniority) VALUES (73, '1975-12-31', 'doctor73@example.com', 'Cognome73', 'Nome73', 'password', 'TAXCODEX00000073', 0);
INSERT INTO tenantuser_systemactors (ms3_tenant_user_id, role) VALUES (73, 'DOCTOR');
INSERT INTO doctor_uffa_priority (id, general_priority, long_shift_priority, night_priority, partial_general_priority, partial_long_shift_priority, partial_night_priority, doctor_ms3_tenant_user_id, schedule_schedule_id) VALUES (73, 2, 2, 2, 2, 2, 2, 73, NULL);
INSERT INTO doctor_uffa_priority_snapshot (id, general_priority, long_shift_priority, night_priority, doctor_ms3_tenant_user_id, schedule_schedule_id) VALUES (73, 2, 2, 2, 73, NULL);
INSERT INTO doctor_holidays (doctor_holidays_id, holiday_map, doctor_ms3_tenant_user_id) VALUES (73, lo_from_bytea(0, decode('rO0ABXNyABFqYXZhLnV0aWwuSGFzaE1hcAUH2sHDFmDRAwACRgAKbG9hZEZhY3RvckkACXRocmVzaG9sZHhwP0AAAAAAAAB3CAAAABAAAAAAeA==', 'base64')), 73);
INSERT INTO preference (id, date) VALUES (145, '2026-05-25');
INSERT INTO preference_time_slots (preference_id, time_slots) VALUES (145, 1);
INSERT INTO preference_doctors (preference_id, doctors_ms3_tenant_user_id) VALUES (145, 73);
INSERT INTO doctor_preference_list (doctor_ms3_tenant_user_id, preference_list_id) VALUES (73, 145);
INSERT INTO preference (id, date) VALUES (146, '2026-05-26');
INSERT INTO preference_time_slots (preference_id, time_slots) VALUES (146, 2);
INSERT INTO preference_doctors (preference_id, doctors_ms3_tenant_user_id) VALUES (146, 73);
INSERT INTO doctor_preference_list (doctor_ms3_tenant_user_id, preference_list_id) VALUES (73, 146);
INSERT INTO doctor (ms3_tenant_user_id, birthday, email, lastname, name, password, tax_code, seniority) VALUES (74, '1976-01-30', 'doctor74@example.com', 'Cognome74', 'Nome74', 'password', 'TAXCODEX00000074', 1);
INSERT INTO tenantuser_systemactors (ms3_tenant_user_id, role) VALUES (74, 'DOCTOR');
INSERT INTO doctor_uffa_priority (id, general_priority, long_shift_priority, night_priority, partial_general_priority, partial_long_shift_priority, partial_night_priority, doctor_ms3_tenant_user_id, schedule_schedule_id) VALUES (74, 3, 3, 3, 3, 3, 3, 74, NULL);
INSERT INTO doctor_uffa_priority_snapshot (id, general_priority, long_shift_priority, night_priority, doctor_ms3_tenant_user_id, schedule_schedule_id) VALUES (74, 3, 3, 3, 74, NULL);
INSERT INTO doctor_holidays (doctor_holidays_id, holiday_map, doctor_ms3_tenant_user_id) VALUES (74, lo_from_bytea(0, decode('rO0ABXNyABFqYXZhLnV0aWwuSGFzaE1hcAUH2sHDFmDRAwACRgAKbG9hZEZhY3RvckkACXRocmVzaG9sZHhwP0AAAAAAAAB3CAAAABAAAAAAeA==', 'base64')), 74);
INSERT INTO preference (id, date) VALUES (147, '2026-05-27');
INSERT INTO preference_time_slots (preference_id, time_slots) VALUES (147, 2);
INSERT INTO preference_doctors (preference_id, doctors_ms3_tenant_user_id) VALUES (147, 74);
INSERT INTO doctor_preference_list (doctor_ms3_tenant_user_id, preference_list_id) VALUES (74, 147);
INSERT INTO preference (id, date) VALUES (148, '2026-05-28');
INSERT INTO preference_time_slots (preference_id, time_slots) VALUES (148, 0);
INSERT INTO preference_doctors (preference_id, doctors_ms3_tenant_user_id) VALUES (148, 74);
INSERT INTO doctor_preference_list (doctor_ms3_tenant_user_id, preference_list_id) VALUES (74, 148);
INSERT INTO doctor (ms3_tenant_user_id, birthday, email, lastname, name, password, tax_code, seniority) VALUES (75, '1976-02-29', 'doctor75@example.com', 'Cognome75', 'Nome75', 'password', 'TAXCODEX00000075', 2);
INSERT INTO tenantuser_systemactors (ms3_tenant_user_id, role) VALUES (75, 'DOCTOR');
INSERT INTO doctor_uffa_priority (id, general_priority, long_shift_priority, night_priority, partial_general_priority, partial_long_shift_priority, partial_night_priority, doctor_ms3_tenant_user_id, schedule_schedule_id) VALUES (75, 4, 4, 4, 4, 4, 4, 75, NULL);
INSERT INTO doctor_uffa_priority_snapshot (id, general_priority, long_shift_priority, night_priority, doctor_ms3_tenant_user_id, schedule_schedule_id) VALUES (75, 4, 4, 4, 75, NULL);
INSERT INTO doctor_holidays (doctor_holidays_id, holiday_map, doctor_ms3_tenant_user_id) VALUES (75, lo_from_bytea(0, decode('rO0ABXNyABFqYXZhLnV0aWwuSGFzaE1hcAUH2sHDFmDRAwACRgAKbG9hZEZhY3RvckkACXRocmVzaG9sZHhwP0AAAAAAAAB3CAAAABAAAAAAeA==', 'base64')), 75);
INSERT INTO preference (id, date) VALUES (149, '2026-05-29');
INSERT INTO preference_time_slots (preference_id, time_slots) VALUES (149, 0);
INSERT INTO preference_doctors (preference_id, doctors_ms3_tenant_user_id) VALUES (149, 75);
INSERT INTO doctor_preference_list (doctor_ms3_tenant_user_id, preference_list_id) VALUES (75, 149);
INSERT INTO preference (id, date) VALUES (150, '2026-05-30');
INSERT INTO preference_time_slots (preference_id, time_slots) VALUES (150, 1);
INSERT INTO preference_doctors (preference_id, doctors_ms3_tenant_user_id) VALUES (150, 75);
INSERT INTO doctor_preference_list (doctor_ms3_tenant_user_id, preference_list_id) VALUES (75, 150);
INSERT INTO doctor (ms3_tenant_user_id, birthday, email, lastname, name, password, tax_code, seniority) VALUES (76, '1976-03-30', 'doctor76@example.com', 'Cognome76', 'Nome76', 'password', 'TAXCODEX00000076', 0);
INSERT INTO tenantuser_systemactors (ms3_tenant_user_id, role) VALUES (76, 'DOCTOR');
INSERT INTO doctor_uffa_priority (id, general_priority, long_shift_priority, night_priority, partial_general_priority, partial_long_shift_priority, partial_night_priority, doctor_ms3_tenant_user_id, schedule_schedule_id) VALUES (76, 5, 5, 0, 5, 5, 0, 76, NULL);
INSERT INTO doctor_uffa_priority_snapshot (id, general_priority, long_shift_priority, night_priority, doctor_ms3_tenant_user_id, schedule_schedule_id) VALUES (76, 5, 5, 0, 76, NULL);
INSERT INTO doctor_holidays (doctor_holidays_id, holiday_map, doctor_ms3_tenant_user_id) VALUES (76, lo_from_bytea(0, decode('rO0ABXNyABFqYXZhLnV0aWwuSGFzaE1hcAUH2sHDFmDRAwACRgAKbG9hZEZhY3RvckkACXRocmVzaG9sZHhwP0AAAAAAAAB3CAAAABAAAAAAeA==', 'base64')), 76);
INSERT INTO preference (id, date) VALUES (151, '2026-05-31');
INSERT INTO preference_time_slots (preference_id, time_slots) VALUES (151, 1);
INSERT INTO preference_doctors (preference_id, doctors_ms3_tenant_user_id) VALUES (151, 76);
INSERT INTO doctor_preference_list (doctor_ms3_tenant_user_id, preference_list_id) VALUES (76, 151);
INSERT INTO preference (id, date) VALUES (152, '2026-06-01');
INSERT INTO preference_time_slots (preference_id, time_slots) VALUES (152, 2);
INSERT INTO preference_doctors (preference_id, doctors_ms3_tenant_user_id) VALUES (152, 76);
INSERT INTO doctor_preference_list (doctor_ms3_tenant_user_id, preference_list_id) VALUES (76, 152);
INSERT INTO doctor (ms3_tenant_user_id, birthday, email, lastname, name, password, tax_code, seniority) VALUES (77, '1976-04-29', 'doctor77@example.com', 'Cognome77', 'Nome77', 'password', 'TAXCODEX00000077', 1);
INSERT INTO tenantuser_systemactors (ms3_tenant_user_id, role) VALUES (77, 'DOCTOR');
INSERT INTO doctor_uffa_priority (id, general_priority, long_shift_priority, night_priority, partial_general_priority, partial_long_shift_priority, partial_night_priority, doctor_ms3_tenant_user_id, schedule_schedule_id) VALUES (77, 6, 6, 1, 6, 6, 1, 77, NULL);
INSERT INTO doctor_uffa_priority_snapshot (id, general_priority, long_shift_priority, night_priority, doctor_ms3_tenant_user_id, schedule_schedule_id) VALUES (77, 6, 6, 1, 77, NULL);
INSERT INTO doctor_holidays (doctor_holidays_id, holiday_map, doctor_ms3_tenant_user_id) VALUES (77, lo_from_bytea(0, decode('rO0ABXNyABFqYXZhLnV0aWwuSGFzaE1hcAUH2sHDFmDRAwACRgAKbG9hZEZhY3RvckkACXRocmVzaG9sZHhwP0AAAAAAAAB3CAAAABAAAAAAeA==', 'base64')), 77);
INSERT INTO preference (id, date) VALUES (153, '2026-06-02');
INSERT INTO preference_time_slots (preference_id, time_slots) VALUES (153, 2);
INSERT INTO preference_doctors (preference_id, doctors_ms3_tenant_user_id) VALUES (153, 77);
INSERT INTO doctor_preference_list (doctor_ms3_tenant_user_id, preference_list_id) VALUES (77, 153);
INSERT INTO preference (id, date) VALUES (154, '2026-06-03');
INSERT INTO preference_time_slots (preference_id, time_slots) VALUES (154, 0);
INSERT INTO preference_doctors (preference_id, doctors_ms3_tenant_user_id) VALUES (154, 77);
INSERT INTO doctor_preference_list (doctor_ms3_tenant_user_id, preference_list_id) VALUES (77, 154);
INSERT INTO doctor (ms3_tenant_user_id, birthday, email, lastname, name, password, tax_code, seniority) VALUES (78, '1976-05-29', 'doctor78@example.com', 'Cognome78', 'Nome78', 'password', 'TAXCODEX00000078', 2);
INSERT INTO tenantuser_systemactors (ms3_tenant_user_id, role) VALUES (78, 'DOCTOR');
INSERT INTO doctor_uffa_priority (id, general_priority, long_shift_priority, night_priority, partial_general_priority, partial_long_shift_priority, partial_night_priority, doctor_ms3_tenant_user_id, schedule_schedule_id) VALUES (78, 7, 0, 2, 7, 0, 2, 78, NULL);
INSERT INTO doctor_uffa_priority_snapshot (id, general_priority, long_shift_priority, night_priority, doctor_ms3_tenant_user_id, schedule_schedule_id) VALUES (78, 7, 0, 2, 78, NULL);
INSERT INTO doctor_holidays (doctor_holidays_id, holiday_map, doctor_ms3_tenant_user_id) VALUES (78, lo_from_bytea(0, decode('rO0ABXNyABFqYXZhLnV0aWwuSGFzaE1hcAUH2sHDFmDRAwACRgAKbG9hZEZhY3RvckkACXRocmVzaG9sZHhwP0AAAAAAAAB3CAAAABAAAAAAeA==', 'base64')), 78);
INSERT INTO preference (id, date) VALUES (155, '2026-06-04');
INSERT INTO preference_time_slots (preference_id, time_slots) VALUES (155, 0);
INSERT INTO preference_doctors (preference_id, doctors_ms3_tenant_user_id) VALUES (155, 78);
INSERT INTO doctor_preference_list (doctor_ms3_tenant_user_id, preference_list_id) VALUES (78, 155);
INSERT INTO preference (id, date) VALUES (156, '2026-06-05');
INSERT INTO preference_time_slots (preference_id, time_slots) VALUES (156, 1);
INSERT INTO preference_doctors (preference_id, doctors_ms3_tenant_user_id) VALUES (156, 78);
INSERT INTO doctor_preference_list (doctor_ms3_tenant_user_id, preference_list_id) VALUES (78, 156);
INSERT INTO doctor (ms3_tenant_user_id, birthday, email, lastname, name, password, tax_code, seniority) VALUES (79, '1976-06-28', 'doctor79@example.com', 'Cognome79', 'Nome79', 'password', 'TAXCODEX00000079', 0);
INSERT INTO tenantuser_systemactors (ms3_tenant_user_id, role) VALUES (79, 'DOCTOR');
INSERT INTO doctor_uffa_priority (id, general_priority, long_shift_priority, night_priority, partial_general_priority, partial_long_shift_priority, partial_night_priority, doctor_ms3_tenant_user_id, schedule_schedule_id) VALUES (79, 8, 1, 3, 8, 1, 3, 79, NULL);
INSERT INTO doctor_uffa_priority_snapshot (id, general_priority, long_shift_priority, night_priority, doctor_ms3_tenant_user_id, schedule_schedule_id) VALUES (79, 8, 1, 3, 79, NULL);
INSERT INTO doctor_holidays (doctor_holidays_id, holiday_map, doctor_ms3_tenant_user_id) VALUES (79, lo_from_bytea(0, decode('rO0ABXNyABFqYXZhLnV0aWwuSGFzaE1hcAUH2sHDFmDRAwACRgAKbG9hZEZhY3RvckkACXRocmVzaG9sZHhwP0AAAAAAAAB3CAAAABAAAAAAeA==', 'base64')), 79);
INSERT INTO preference (id, date) VALUES (157, '2026-06-06');
INSERT INTO preference_time_slots (preference_id, time_slots) VALUES (157, 1);
INSERT INTO preference_doctors (preference_id, doctors_ms3_tenant_user_id) VALUES (157, 79);
INSERT INTO doctor_preference_list (doctor_ms3_tenant_user_id, preference_list_id) VALUES (79, 157);
INSERT INTO preference (id, date) VALUES (158, '2026-06-07');
INSERT INTO preference_time_slots (preference_id, time_slots) VALUES (158, 2);
INSERT INTO preference_doctors (preference_id, doctors_ms3_tenant_user_id) VALUES (158, 79);
INSERT INTO doctor_preference_list (doctor_ms3_tenant_user_id, preference_list_id) VALUES (79, 158);
INSERT INTO doctor (ms3_tenant_user_id, birthday, email, lastname, name, password, tax_code, seniority) VALUES (80, '1976-07-28', 'doctor80@example.com', 'Cognome80', 'Nome80', 'password', 'TAXCODEX00000080', 1);
INSERT INTO tenantuser_systemactors (ms3_tenant_user_id, role) VALUES (80, 'DOCTOR');
INSERT INTO doctor_uffa_priority (id, general_priority, long_shift_priority, night_priority, partial_general_priority, partial_long_shift_priority, partial_night_priority, doctor_ms3_tenant_user_id, schedule_schedule_id) VALUES (80, 9, 2, 4, 9, 2, 4, 80, NULL);
INSERT INTO doctor_uffa_priority_snapshot (id, general_priority, long_shift_priority, night_priority, doctor_ms3_tenant_user_id, schedule_schedule_id) VALUES (80, 9, 2, 4, 80, NULL);
INSERT INTO doctor_holidays (doctor_holidays_id, holiday_map, doctor_ms3_tenant_user_id) VALUES (80, lo_from_bytea(0, decode('rO0ABXNyABFqYXZhLnV0aWwuSGFzaE1hcAUH2sHDFmDRAwACRgAKbG9hZEZhY3RvckkACXRocmVzaG9sZHhwP0AAAAAAAAB3CAAAABAAAAAAeA==', 'base64')), 80);
INSERT INTO preference (id, date) VALUES (159, '2026-06-08');
INSERT INTO preference_time_slots (preference_id, time_slots) VALUES (159, 2);
INSERT INTO preference_doctors (preference_id, doctors_ms3_tenant_user_id) VALUES (159, 80);
INSERT INTO doctor_preference_list (doctor_ms3_tenant_user_id, preference_list_id) VALUES (80, 159);
INSERT INTO preference (id, date) VALUES (160, '2026-06-09');
INSERT INTO preference_time_slots (preference_id, time_slots) VALUES (160, 0);
INSERT INTO preference_doctors (preference_id, doctors_ms3_tenant_user_id) VALUES (160, 80);
INSERT INTO doctor_preference_list (doctor_ms3_tenant_user_id, preference_list_id) VALUES (80, 160);
INSERT INTO doctor (ms3_tenant_user_id, birthday, email, lastname, name, password, tax_code, seniority) VALUES (81, '1976-08-27', 'doctor81@example.com', 'Cognome81', 'Nome81', 'password', 'TAXCODEX00000081', 2);
INSERT INTO tenantuser_systemactors (ms3_tenant_user_id, role) VALUES (81, 'DOCTOR');
INSERT INTO doctor_uffa_priority (id, general_priority, long_shift_priority, night_priority, partial_general_priority, partial_long_shift_priority, partial_night_priority, doctor_ms3_tenant_user_id, schedule_schedule_id) VALUES (81, 0, 3, 0, 0, 3, 0, 81, NULL);
INSERT INTO doctor_uffa_priority_snapshot (id, general_priority, long_shift_priority, night_priority, doctor_ms3_tenant_user_id, schedule_schedule_id) VALUES (81, 0, 3, 0, 81, NULL);
INSERT INTO doctor_holidays (doctor_holidays_id, holiday_map, doctor_ms3_tenant_user_id) VALUES (81, lo_from_bytea(0, decode('rO0ABXNyABFqYXZhLnV0aWwuSGFzaE1hcAUH2sHDFmDRAwACRgAKbG9hZEZhY3RvckkACXRocmVzaG9sZHhwP0AAAAAAAAB3CAAAABAAAAAAeA==', 'base64')), 81);
INSERT INTO preference (id, date) VALUES (161, '2026-06-10');
INSERT INTO preference_time_slots (preference_id, time_slots) VALUES (161, 0);
INSERT INTO preference_doctors (preference_id, doctors_ms3_tenant_user_id) VALUES (161, 81);
INSERT INTO doctor_preference_list (doctor_ms3_tenant_user_id, preference_list_id) VALUES (81, 161);
INSERT INTO preference (id, date) VALUES (162, '2026-06-11');
INSERT INTO preference_time_slots (preference_id, time_slots) VALUES (162, 1);
INSERT INTO preference_doctors (preference_id, doctors_ms3_tenant_user_id) VALUES (162, 81);
INSERT INTO doctor_preference_list (doctor_ms3_tenant_user_id, preference_list_id) VALUES (81, 162);
INSERT INTO doctor (ms3_tenant_user_id, birthday, email, lastname, name, password, tax_code, seniority) VALUES (82, '1976-09-26', 'doctor82@example.com', 'Cognome82', 'Nome82', 'password', 'TAXCODEX00000082', 0);
INSERT INTO tenantuser_systemactors (ms3_tenant_user_id, role) VALUES (82, 'DOCTOR');
INSERT INTO doctor_uffa_priority (id, general_priority, long_shift_priority, night_priority, partial_general_priority, partial_long_shift_priority, partial_night_priority, doctor_ms3_tenant_user_id, schedule_schedule_id) VALUES (82, 1, 4, 1, 1, 4, 1, 82, NULL);
INSERT INTO doctor_uffa_priority_snapshot (id, general_priority, long_shift_priority, night_priority, doctor_ms3_tenant_user_id, schedule_schedule_id) VALUES (82, 1, 4, 1, 82, NULL);
INSERT INTO doctor_holidays (doctor_holidays_id, holiday_map, doctor_ms3_tenant_user_id) VALUES (82, lo_from_bytea(0, decode('rO0ABXNyABFqYXZhLnV0aWwuSGFzaE1hcAUH2sHDFmDRAwACRgAKbG9hZEZhY3RvckkACXRocmVzaG9sZHhwP0AAAAAAAAB3CAAAABAAAAAAeA==', 'base64')), 82);
INSERT INTO preference (id, date) VALUES (163, '2026-06-12');
INSERT INTO preference_time_slots (preference_id, time_slots) VALUES (163, 1);
INSERT INTO preference_doctors (preference_id, doctors_ms3_tenant_user_id) VALUES (163, 82);
INSERT INTO doctor_preference_list (doctor_ms3_tenant_user_id, preference_list_id) VALUES (82, 163);
INSERT INTO preference (id, date) VALUES (164, '2026-06-13');
INSERT INTO preference_time_slots (preference_id, time_slots) VALUES (164, 2);
INSERT INTO preference_doctors (preference_id, doctors_ms3_tenant_user_id) VALUES (164, 82);
INSERT INTO doctor_preference_list (doctor_ms3_tenant_user_id, preference_list_id) VALUES (82, 164);
INSERT INTO doctor (ms3_tenant_user_id, birthday, email, lastname, name, password, tax_code, seniority) VALUES (83, '1976-10-26', 'doctor83@example.com', 'Cognome83', 'Nome83', 'password', 'TAXCODEX00000083', 1);
INSERT INTO tenantuser_systemactors (ms3_tenant_user_id, role) VALUES (83, 'DOCTOR');
INSERT INTO doctor_uffa_priority (id, general_priority, long_shift_priority, night_priority, partial_general_priority, partial_long_shift_priority, partial_night_priority, doctor_ms3_tenant_user_id, schedule_schedule_id) VALUES (83, 2, 5, 2, 2, 5, 2, 83, NULL);
INSERT INTO doctor_uffa_priority_snapshot (id, general_priority, long_shift_priority, night_priority, doctor_ms3_tenant_user_id, schedule_schedule_id) VALUES (83, 2, 5, 2, 83, NULL);
INSERT INTO doctor_holidays (doctor_holidays_id, holiday_map, doctor_ms3_tenant_user_id) VALUES (83, lo_from_bytea(0, decode('rO0ABXNyABFqYXZhLnV0aWwuSGFzaE1hcAUH2sHDFmDRAwACRgAKbG9hZEZhY3RvckkACXRocmVzaG9sZHhwP0AAAAAAAAB3CAAAABAAAAAAeA==', 'base64')), 83);
INSERT INTO preference (id, date) VALUES (165, '2026-06-14');
INSERT INTO preference_time_slots (preference_id, time_slots) VALUES (165, 2);
INSERT INTO preference_doctors (preference_id, doctors_ms3_tenant_user_id) VALUES (165, 83);
INSERT INTO doctor_preference_list (doctor_ms3_tenant_user_id, preference_list_id) VALUES (83, 165);
INSERT INTO preference (id, date) VALUES (166, '2026-06-15');
INSERT INTO preference_time_slots (preference_id, time_slots) VALUES (166, 0);
INSERT INTO preference_doctors (preference_id, doctors_ms3_tenant_user_id) VALUES (166, 83);
INSERT INTO doctor_preference_list (doctor_ms3_tenant_user_id, preference_list_id) VALUES (83, 166);
INSERT INTO doctor (ms3_tenant_user_id, birthday, email, lastname, name, password, tax_code, seniority) VALUES (84, '1976-11-25', 'doctor84@example.com', 'Cognome84', 'Nome84', 'password', 'TAXCODEX00000084', 2);
INSERT INTO tenantuser_systemactors (ms3_tenant_user_id, role) VALUES (84, 'DOCTOR');
INSERT INTO doctor_uffa_priority (id, general_priority, long_shift_priority, night_priority, partial_general_priority, partial_long_shift_priority, partial_night_priority, doctor_ms3_tenant_user_id, schedule_schedule_id) VALUES (84, 3, 6, 3, 3, 6, 3, 84, NULL);
INSERT INTO doctor_uffa_priority_snapshot (id, general_priority, long_shift_priority, night_priority, doctor_ms3_tenant_user_id, schedule_schedule_id) VALUES (84, 3, 6, 3, 84, NULL);
INSERT INTO doctor_holidays (doctor_holidays_id, holiday_map, doctor_ms3_tenant_user_id) VALUES (84, lo_from_bytea(0, decode('rO0ABXNyABFqYXZhLnV0aWwuSGFzaE1hcAUH2sHDFmDRAwACRgAKbG9hZEZhY3RvckkACXRocmVzaG9sZHhwP0AAAAAAAAB3CAAAABAAAAAAeA==', 'base64')), 84);
INSERT INTO preference (id, date) VALUES (167, '2026-06-16');
INSERT INTO preference_time_slots (preference_id, time_slots) VALUES (167, 0);
INSERT INTO preference_doctors (preference_id, doctors_ms3_tenant_user_id) VALUES (167, 84);
INSERT INTO doctor_preference_list (doctor_ms3_tenant_user_id, preference_list_id) VALUES (84, 167);
INSERT INTO preference (id, date) VALUES (168, '2026-06-17');
INSERT INTO preference_time_slots (preference_id, time_slots) VALUES (168, 1);
INSERT INTO preference_doctors (preference_id, doctors_ms3_tenant_user_id) VALUES (168, 84);
INSERT INTO doctor_preference_list (doctor_ms3_tenant_user_id, preference_list_id) VALUES (84, 168);
INSERT INTO doctor (ms3_tenant_user_id, birthday, email, lastname, name, password, tax_code, seniority) VALUES (85, '1976-12-25', 'doctor85@example.com', 'Cognome85', 'Nome85', 'password', 'TAXCODEX00000085', 0);
INSERT INTO tenantuser_systemactors (ms3_tenant_user_id, role) VALUES (85, 'DOCTOR');
INSERT INTO doctor_uffa_priority (id, general_priority, long_shift_priority, night_priority, partial_general_priority, partial_long_shift_priority, partial_night_priority, doctor_ms3_tenant_user_id, schedule_schedule_id) VALUES (85, 4, 0, 4, 4, 0, 4, 85, NULL);
INSERT INTO doctor_uffa_priority_snapshot (id, general_priority, long_shift_priority, night_priority, doctor_ms3_tenant_user_id, schedule_schedule_id) VALUES (85, 4, 0, 4, 85, NULL);
INSERT INTO doctor_holidays (doctor_holidays_id, holiday_map, doctor_ms3_tenant_user_id) VALUES (85, lo_from_bytea(0, decode('rO0ABXNyABFqYXZhLnV0aWwuSGFzaE1hcAUH2sHDFmDRAwACRgAKbG9hZEZhY3RvckkACXRocmVzaG9sZHhwP0AAAAAAAAB3CAAAABAAAAAAeA==', 'base64')), 85);
INSERT INTO preference (id, date) VALUES (169, '2026-06-18');
INSERT INTO preference_time_slots (preference_id, time_slots) VALUES (169, 1);
INSERT INTO preference_doctors (preference_id, doctors_ms3_tenant_user_id) VALUES (169, 85);
INSERT INTO doctor_preference_list (doctor_ms3_tenant_user_id, preference_list_id) VALUES (85, 169);
INSERT INTO preference (id, date) VALUES (170, '2026-06-19');
INSERT INTO preference_time_slots (preference_id, time_slots) VALUES (170, 2);
INSERT INTO preference_doctors (preference_id, doctors_ms3_tenant_user_id) VALUES (170, 85);
INSERT INTO doctor_preference_list (doctor_ms3_tenant_user_id, preference_list_id) VALUES (85, 170);
INSERT INTO doctor (ms3_tenant_user_id, birthday, email, lastname, name, password, tax_code, seniority) VALUES (86, '1977-01-24', 'doctor86@example.com', 'Cognome86', 'Nome86', 'password', 'TAXCODEX00000086', 1);
INSERT INTO tenantuser_systemactors (ms3_tenant_user_id, role) VALUES (86, 'DOCTOR');
INSERT INTO doctor_uffa_priority (id, general_priority, long_shift_priority, night_priority, partial_general_priority, partial_long_shift_priority, partial_night_priority, doctor_ms3_tenant_user_id, schedule_schedule_id) VALUES (86, 5, 1, 0, 5, 1, 0, 86, NULL);
INSERT INTO doctor_uffa_priority_snapshot (id, general_priority, long_shift_priority, night_priority, doctor_ms3_tenant_user_id, schedule_schedule_id) VALUES (86, 5, 1, 0, 86, NULL);
INSERT INTO doctor_holidays (doctor_holidays_id, holiday_map, doctor_ms3_tenant_user_id) VALUES (86, lo_from_bytea(0, decode('rO0ABXNyABFqYXZhLnV0aWwuSGFzaE1hcAUH2sHDFmDRAwACRgAKbG9hZEZhY3RvckkACXRocmVzaG9sZHhwP0AAAAAAAAB3CAAAABAAAAAAeA==', 'base64')), 86);
INSERT INTO preference (id, date) VALUES (171, '2026-06-20');
INSERT INTO preference_time_slots (preference_id, time_slots) VALUES (171, 2);
INSERT INTO preference_doctors (preference_id, doctors_ms3_tenant_user_id) VALUES (171, 86);
INSERT INTO doctor_preference_list (doctor_ms3_tenant_user_id, preference_list_id) VALUES (86, 171);
INSERT INTO preference (id, date) VALUES (172, '2026-06-21');
INSERT INTO preference_time_slots (preference_id, time_slots) VALUES (172, 0);
INSERT INTO preference_doctors (preference_id, doctors_ms3_tenant_user_id) VALUES (172, 86);
INSERT INTO doctor_preference_list (doctor_ms3_tenant_user_id, preference_list_id) VALUES (86, 172);
INSERT INTO doctor (ms3_tenant_user_id, birthday, email, lastname, name, password, tax_code, seniority) VALUES (87, '1977-02-23', 'doctor87@example.com', 'Cognome87', 'Nome87', 'password', 'TAXCODEX00000087', 2);
INSERT INTO tenantuser_systemactors (ms3_tenant_user_id, role) VALUES (87, 'DOCTOR');
INSERT INTO doctor_uffa_priority (id, general_priority, long_shift_priority, night_priority, partial_general_priority, partial_long_shift_priority, partial_night_priority, doctor_ms3_tenant_user_id, schedule_schedule_id) VALUES (87, 6, 2, 1, 6, 2, 1, 87, NULL);
INSERT INTO doctor_uffa_priority_snapshot (id, general_priority, long_shift_priority, night_priority, doctor_ms3_tenant_user_id, schedule_schedule_id) VALUES (87, 6, 2, 1, 87, NULL);
INSERT INTO doctor_holidays (doctor_holidays_id, holiday_map, doctor_ms3_tenant_user_id) VALUES (87, lo_from_bytea(0, decode('rO0ABXNyABFqYXZhLnV0aWwuSGFzaE1hcAUH2sHDFmDRAwACRgAKbG9hZEZhY3RvckkACXRocmVzaG9sZHhwP0AAAAAAAAB3CAAAABAAAAAAeA==', 'base64')), 87);
INSERT INTO preference (id, date) VALUES (173, '2026-06-22');
INSERT INTO preference_time_slots (preference_id, time_slots) VALUES (173, 0);
INSERT INTO preference_doctors (preference_id, doctors_ms3_tenant_user_id) VALUES (173, 87);
INSERT INTO doctor_preference_list (doctor_ms3_tenant_user_id, preference_list_id) VALUES (87, 173);
INSERT INTO preference (id, date) VALUES (174, '2026-06-23');
INSERT INTO preference_time_slots (preference_id, time_slots) VALUES (174, 1);
INSERT INTO preference_doctors (preference_id, doctors_ms3_tenant_user_id) VALUES (174, 87);
INSERT INTO doctor_preference_list (doctor_ms3_tenant_user_id, preference_list_id) VALUES (87, 174);
INSERT INTO doctor (ms3_tenant_user_id, birthday, email, lastname, name, password, tax_code, seniority) VALUES (88, '1977-03-25', 'doctor88@example.com', 'Cognome88', 'Nome88', 'password', 'TAXCODEX00000088', 0);
INSERT INTO tenantuser_systemactors (ms3_tenant_user_id, role) VALUES (88, 'DOCTOR');
INSERT INTO doctor_uffa_priority (id, general_priority, long_shift_priority, night_priority, partial_general_priority, partial_long_shift_priority, partial_night_priority, doctor_ms3_tenant_user_id, schedule_schedule_id) VALUES (88, 7, 3, 2, 7, 3, 2, 88, NULL);
INSERT INTO doctor_uffa_priority_snapshot (id, general_priority, long_shift_priority, night_priority, doctor_ms3_tenant_user_id, schedule_schedule_id) VALUES (88, 7, 3, 2, 88, NULL);
INSERT INTO doctor_holidays (doctor_holidays_id, holiday_map, doctor_ms3_tenant_user_id) VALUES (88, lo_from_bytea(0, decode('rO0ABXNyABFqYXZhLnV0aWwuSGFzaE1hcAUH2sHDFmDRAwACRgAKbG9hZEZhY3RvckkACXRocmVzaG9sZHhwP0AAAAAAAAB3CAAAABAAAAAAeA==', 'base64')), 88);
INSERT INTO preference (id, date) VALUES (175, '2026-06-24');
INSERT INTO preference_time_slots (preference_id, time_slots) VALUES (175, 1);
INSERT INTO preference_doctors (preference_id, doctors_ms3_tenant_user_id) VALUES (175, 88);
INSERT INTO doctor_preference_list (doctor_ms3_tenant_user_id, preference_list_id) VALUES (88, 175);
INSERT INTO preference (id, date) VALUES (176, '2026-06-25');
INSERT INTO preference_time_slots (preference_id, time_slots) VALUES (176, 2);
INSERT INTO preference_doctors (preference_id, doctors_ms3_tenant_user_id) VALUES (176, 88);
INSERT INTO doctor_preference_list (doctor_ms3_tenant_user_id, preference_list_id) VALUES (88, 176);
INSERT INTO doctor (ms3_tenant_user_id, birthday, email, lastname, name, password, tax_code, seniority) VALUES (89, '1977-04-24', 'doctor89@example.com', 'Cognome89', 'Nome89', 'password', 'TAXCODEX00000089', 1);
INSERT INTO tenantuser_systemactors (ms3_tenant_user_id, role) VALUES (89, 'DOCTOR');
INSERT INTO doctor_uffa_priority (id, general_priority, long_shift_priority, night_priority, partial_general_priority, partial_long_shift_priority, partial_night_priority, doctor_ms3_tenant_user_id, schedule_schedule_id) VALUES (89, 8, 4, 3, 8, 4, 3, 89, NULL);
INSERT INTO doctor_uffa_priority_snapshot (id, general_priority, long_shift_priority, night_priority, doctor_ms3_tenant_user_id, schedule_schedule_id) VALUES (89, 8, 4, 3, 89, NULL);
INSERT INTO doctor_holidays (doctor_holidays_id, holiday_map, doctor_ms3_tenant_user_id) VALUES (89, lo_from_bytea(0, decode('rO0ABXNyABFqYXZhLnV0aWwuSGFzaE1hcAUH2sHDFmDRAwACRgAKbG9hZEZhY3RvckkACXRocmVzaG9sZHhwP0AAAAAAAAB3CAAAABAAAAAAeA==', 'base64')), 89);
INSERT INTO preference (id, date) VALUES (177, '2026-06-26');
INSERT INTO preference_time_slots (preference_id, time_slots) VALUES (177, 2);
INSERT INTO preference_doctors (preference_id, doctors_ms3_tenant_user_id) VALUES (177, 89);
INSERT INTO doctor_preference_list (doctor_ms3_tenant_user_id, preference_list_id) VALUES (89, 177);
INSERT INTO preference (id, date) VALUES (178, '2026-06-27');
INSERT INTO preference_time_slots (preference_id, time_slots) VALUES (178, 0);
INSERT INTO preference_doctors (preference_id, doctors_ms3_tenant_user_id) VALUES (178, 89);
INSERT INTO doctor_preference_list (doctor_ms3_tenant_user_id, preference_list_id) VALUES (89, 178);
INSERT INTO doctor (ms3_tenant_user_id, birthday, email, lastname, name, password, tax_code, seniority) VALUES (90, '1977-05-24', 'doctor90@example.com', 'Cognome90', 'Nome90', 'password', 'TAXCODEX00000090', 2);
INSERT INTO tenantuser_systemactors (ms3_tenant_user_id, role) VALUES (90, 'DOCTOR');
INSERT INTO doctor_uffa_priority (id, general_priority, long_shift_priority, night_priority, partial_general_priority, partial_long_shift_priority, partial_night_priority, doctor_ms3_tenant_user_id, schedule_schedule_id) VALUES (90, 9, 5, 4, 9, 5, 4, 90, NULL);
INSERT INTO doctor_uffa_priority_snapshot (id, general_priority, long_shift_priority, night_priority, doctor_ms3_tenant_user_id, schedule_schedule_id) VALUES (90, 9, 5, 4, 90, NULL);
INSERT INTO doctor_holidays (doctor_holidays_id, holiday_map, doctor_ms3_tenant_user_id) VALUES (90, lo_from_bytea(0, decode('rO0ABXNyABFqYXZhLnV0aWwuSGFzaE1hcAUH2sHDFmDRAwACRgAKbG9hZEZhY3RvckkACXRocmVzaG9sZHhwP0AAAAAAAAB3CAAAABAAAAAAeA==', 'base64')), 90);
INSERT INTO preference (id, date) VALUES (179, '2026-06-28');
INSERT INTO preference_time_slots (preference_id, time_slots) VALUES (179, 0);
INSERT INTO preference_doctors (preference_id, doctors_ms3_tenant_user_id) VALUES (179, 90);
INSERT INTO doctor_preference_list (doctor_ms3_tenant_user_id, preference_list_id) VALUES (90, 179);
INSERT INTO preference (id, date) VALUES (180, '2026-06-29');
INSERT INTO preference_time_slots (preference_id, time_slots) VALUES (180, 1);
INSERT INTO preference_doctors (preference_id, doctors_ms3_tenant_user_id) VALUES (180, 90);
INSERT INTO doctor_preference_list (doctor_ms3_tenant_user_id, preference_list_id) VALUES (90, 180);
INSERT INTO doctor (ms3_tenant_user_id, birthday, email, lastname, name, password, tax_code, seniority) VALUES (91, '1977-06-23', 'doctor91@example.com', 'Cognome91', 'Nome91', 'password', 'TAXCODEX00000091', 0);
INSERT INTO tenantuser_systemactors (ms3_tenant_user_id, role) VALUES (91, 'DOCTOR');
INSERT INTO doctor_uffa_priority (id, general_priority, long_shift_priority, night_priority, partial_general_priority, partial_long_shift_priority, partial_night_priority, doctor_ms3_tenant_user_id, schedule_schedule_id) VALUES (91, 0, 6, 0, 0, 6, 0, 91, NULL);
INSERT INTO doctor_uffa_priority_snapshot (id, general_priority, long_shift_priority, night_priority, doctor_ms3_tenant_user_id, schedule_schedule_id) VALUES (91, 0, 6, 0, 91, NULL);
INSERT INTO doctor_holidays (doctor_holidays_id, holiday_map, doctor_ms3_tenant_user_id) VALUES (91, lo_from_bytea(0, decode('rO0ABXNyABFqYXZhLnV0aWwuSGFzaE1hcAUH2sHDFmDRAwACRgAKbG9hZEZhY3RvckkACXRocmVzaG9sZHhwP0AAAAAAAAB3CAAAABAAAAAAeA==', 'base64')), 91);
INSERT INTO preference (id, date) VALUES (181, '2026-06-30');
INSERT INTO preference_time_slots (preference_id, time_slots) VALUES (181, 1);
INSERT INTO preference_doctors (preference_id, doctors_ms3_tenant_user_id) VALUES (181, 91);
INSERT INTO doctor_preference_list (doctor_ms3_tenant_user_id, preference_list_id) VALUES (91, 181);
INSERT INTO preference (id, date) VALUES (182, '2026-07-01');
INSERT INTO preference_time_slots (preference_id, time_slots) VALUES (182, 2);
INSERT INTO preference_doctors (preference_id, doctors_ms3_tenant_user_id) VALUES (182, 91);
INSERT INTO doctor_preference_list (doctor_ms3_tenant_user_id, preference_list_id) VALUES (91, 182);
INSERT INTO doctor (ms3_tenant_user_id, birthday, email, lastname, name, password, tax_code, seniority) VALUES (92, '1977-07-23', 'doctor92@example.com', 'Cognome92', 'Nome92', 'password', 'TAXCODEX00000092', 1);
INSERT INTO tenantuser_systemactors (ms3_tenant_user_id, role) VALUES (92, 'DOCTOR');
INSERT INTO doctor_uffa_priority (id, general_priority, long_shift_priority, night_priority, partial_general_priority, partial_long_shift_priority, partial_night_priority, doctor_ms3_tenant_user_id, schedule_schedule_id) VALUES (92, 1, 0, 1, 1, 0, 1, 92, NULL);
INSERT INTO doctor_uffa_priority_snapshot (id, general_priority, long_shift_priority, night_priority, doctor_ms3_tenant_user_id, schedule_schedule_id) VALUES (92, 1, 0, 1, 92, NULL);
INSERT INTO doctor_holidays (doctor_holidays_id, holiday_map, doctor_ms3_tenant_user_id) VALUES (92, lo_from_bytea(0, decode('rO0ABXNyABFqYXZhLnV0aWwuSGFzaE1hcAUH2sHDFmDRAwACRgAKbG9hZEZhY3RvckkACXRocmVzaG9sZHhwP0AAAAAAAAB3CAAAABAAAAAAeA==', 'base64')), 92);
INSERT INTO preference (id, date) VALUES (183, '2026-07-02');
INSERT INTO preference_time_slots (preference_id, time_slots) VALUES (183, 2);
INSERT INTO preference_doctors (preference_id, doctors_ms3_tenant_user_id) VALUES (183, 92);
INSERT INTO doctor_preference_list (doctor_ms3_tenant_user_id, preference_list_id) VALUES (92, 183);
INSERT INTO preference (id, date) VALUES (184, '2026-07-03');
INSERT INTO preference_time_slots (preference_id, time_slots) VALUES (184, 0);
INSERT INTO preference_doctors (preference_id, doctors_ms3_tenant_user_id) VALUES (184, 92);
INSERT INTO doctor_preference_list (doctor_ms3_tenant_user_id, preference_list_id) VALUES (92, 184);
INSERT INTO doctor (ms3_tenant_user_id, birthday, email, lastname, name, password, tax_code, seniority) VALUES (93, '1977-08-22', 'doctor93@example.com', 'Cognome93', 'Nome93', 'password', 'TAXCODEX00000093', 2);
INSERT INTO tenantuser_systemactors (ms3_tenant_user_id, role) VALUES (93, 'DOCTOR');
INSERT INTO doctor_uffa_priority (id, general_priority, long_shift_priority, night_priority, partial_general_priority, partial_long_shift_priority, partial_night_priority, doctor_ms3_tenant_user_id, schedule_schedule_id) VALUES (93, 2, 1, 2, 2, 1, 2, 93, NULL);
INSERT INTO doctor_uffa_priority_snapshot (id, general_priority, long_shift_priority, night_priority, doctor_ms3_tenant_user_id, schedule_schedule_id) VALUES (93, 2, 1, 2, 93, NULL);
INSERT INTO doctor_holidays (doctor_holidays_id, holiday_map, doctor_ms3_tenant_user_id) VALUES (93, lo_from_bytea(0, decode('rO0ABXNyABFqYXZhLnV0aWwuSGFzaE1hcAUH2sHDFmDRAwACRgAKbG9hZEZhY3RvckkACXRocmVzaG9sZHhwP0AAAAAAAAB3CAAAABAAAAAAeA==', 'base64')), 93);
INSERT INTO preference (id, date) VALUES (185, '2026-07-04');
INSERT INTO preference_time_slots (preference_id, time_slots) VALUES (185, 0);
INSERT INTO preference_doctors (preference_id, doctors_ms3_tenant_user_id) VALUES (185, 93);
INSERT INTO doctor_preference_list (doctor_ms3_tenant_user_id, preference_list_id) VALUES (93, 185);
INSERT INTO preference (id, date) VALUES (186, '2026-07-05');
INSERT INTO preference_time_slots (preference_id, time_slots) VALUES (186, 1);
INSERT INTO preference_doctors (preference_id, doctors_ms3_tenant_user_id) VALUES (186, 93);
INSERT INTO doctor_preference_list (doctor_ms3_tenant_user_id, preference_list_id) VALUES (93, 186);
INSERT INTO doctor (ms3_tenant_user_id, birthday, email, lastname, name, password, tax_code, seniority) VALUES (94, '1977-09-21', 'doctor94@example.com', 'Cognome94', 'Nome94', 'password', 'TAXCODEX00000094', 0);
INSERT INTO tenantuser_systemactors (ms3_tenant_user_id, role) VALUES (94, 'DOCTOR');
INSERT INTO doctor_uffa_priority (id, general_priority, long_shift_priority, night_priority, partial_general_priority, partial_long_shift_priority, partial_night_priority, doctor_ms3_tenant_user_id, schedule_schedule_id) VALUES (94, 3, 2, 3, 3, 2, 3, 94, NULL);
INSERT INTO doctor_uffa_priority_snapshot (id, general_priority, long_shift_priority, night_priority, doctor_ms3_tenant_user_id, schedule_schedule_id) VALUES (94, 3, 2, 3, 94, NULL);
INSERT INTO doctor_holidays (doctor_holidays_id, holiday_map, doctor_ms3_tenant_user_id) VALUES (94, lo_from_bytea(0, decode('rO0ABXNyABFqYXZhLnV0aWwuSGFzaE1hcAUH2sHDFmDRAwACRgAKbG9hZEZhY3RvckkACXRocmVzaG9sZHhwP0AAAAAAAAB3CAAAABAAAAAAeA==', 'base64')), 94);
INSERT INTO preference (id, date) VALUES (187, '2026-07-06');
INSERT INTO preference_time_slots (preference_id, time_slots) VALUES (187, 1);
INSERT INTO preference_doctors (preference_id, doctors_ms3_tenant_user_id) VALUES (187, 94);
INSERT INTO doctor_preference_list (doctor_ms3_tenant_user_id, preference_list_id) VALUES (94, 187);
INSERT INTO preference (id, date) VALUES (188, '2026-07-07');
INSERT INTO preference_time_slots (preference_id, time_slots) VALUES (188, 2);
INSERT INTO preference_doctors (preference_id, doctors_ms3_tenant_user_id) VALUES (188, 94);
INSERT INTO doctor_preference_list (doctor_ms3_tenant_user_id, preference_list_id) VALUES (94, 188);
INSERT INTO doctor (ms3_tenant_user_id, birthday, email, lastname, name, password, tax_code, seniority) VALUES (95, '1977-10-21', 'doctor95@example.com', 'Cognome95', 'Nome95', 'password', 'TAXCODEX00000095', 1);
INSERT INTO tenantuser_systemactors (ms3_tenant_user_id, role) VALUES (95, 'DOCTOR');
INSERT INTO doctor_uffa_priority (id, general_priority, long_shift_priority, night_priority, partial_general_priority, partial_long_shift_priority, partial_night_priority, doctor_ms3_tenant_user_id, schedule_schedule_id) VALUES (95, 4, 3, 4, 4, 3, 4, 95, NULL);
INSERT INTO doctor_uffa_priority_snapshot (id, general_priority, long_shift_priority, night_priority, doctor_ms3_tenant_user_id, schedule_schedule_id) VALUES (95, 4, 3, 4, 95, NULL);
INSERT INTO doctor_holidays (doctor_holidays_id, holiday_map, doctor_ms3_tenant_user_id) VALUES (95, lo_from_bytea(0, decode('rO0ABXNyABFqYXZhLnV0aWwuSGFzaE1hcAUH2sHDFmDRAwACRgAKbG9hZEZhY3RvckkACXRocmVzaG9sZHhwP0AAAAAAAAB3CAAAABAAAAAAeA==', 'base64')), 95);
INSERT INTO preference (id, date) VALUES (189, '2026-07-08');
INSERT INTO preference_time_slots (preference_id, time_slots) VALUES (189, 2);
INSERT INTO preference_doctors (preference_id, doctors_ms3_tenant_user_id) VALUES (189, 95);
INSERT INTO doctor_preference_list (doctor_ms3_tenant_user_id, preference_list_id) VALUES (95, 189);
INSERT INTO preference (id, date) VALUES (190, '2026-07-09');
INSERT INTO preference_time_slots (preference_id, time_slots) VALUES (190, 0);
INSERT INTO preference_doctors (preference_id, doctors_ms3_tenant_user_id) VALUES (190, 95);
INSERT INTO doctor_preference_list (doctor_ms3_tenant_user_id, preference_list_id) VALUES (95, 190);
INSERT INTO doctor (ms3_tenant_user_id, birthday, email, lastname, name, password, tax_code, seniority) VALUES (96, '1977-11-20', 'doctor96@example.com', 'Cognome96', 'Nome96', 'password', 'TAXCODEX00000096', 2);
INSERT INTO tenantuser_systemactors (ms3_tenant_user_id, role) VALUES (96, 'DOCTOR');
INSERT INTO doctor_uffa_priority (id, general_priority, long_shift_priority, night_priority, partial_general_priority, partial_long_shift_priority, partial_night_priority, doctor_ms3_tenant_user_id, schedule_schedule_id) VALUES (96, 5, 4, 0, 5, 4, 0, 96, NULL);
INSERT INTO doctor_uffa_priority_snapshot (id, general_priority, long_shift_priority, night_priority, doctor_ms3_tenant_user_id, schedule_schedule_id) VALUES (96, 5, 4, 0, 96, NULL);
INSERT INTO doctor_holidays (doctor_holidays_id, holiday_map, doctor_ms3_tenant_user_id) VALUES (96, lo_from_bytea(0, decode('rO0ABXNyABFqYXZhLnV0aWwuSGFzaE1hcAUH2sHDFmDRAwACRgAKbG9hZEZhY3RvckkACXRocmVzaG9sZHhwP0AAAAAAAAB3CAAAABAAAAAAeA==', 'base64')), 96);
INSERT INTO preference (id, date) VALUES (191, '2026-07-10');
INSERT INTO preference_time_slots (preference_id, time_slots) VALUES (191, 0);
INSERT INTO preference_doctors (preference_id, doctors_ms3_tenant_user_id) VALUES (191, 96);
INSERT INTO doctor_preference_list (doctor_ms3_tenant_user_id, preference_list_id) VALUES (96, 191);
INSERT INTO preference (id, date) VALUES (192, '2026-07-11');
INSERT INTO preference_time_slots (preference_id, time_slots) VALUES (192, 1);
INSERT INTO preference_doctors (preference_id, doctors_ms3_tenant_user_id) VALUES (192, 96);
INSERT INTO doctor_preference_list (doctor_ms3_tenant_user_id, preference_list_id) VALUES (96, 192);
INSERT INTO doctor (ms3_tenant_user_id, birthday, email, lastname, name, password, tax_code, seniority) VALUES (97, '1977-12-20', 'doctor97@example.com', 'Cognome97', 'Nome97', 'password', 'TAXCODEX00000097', 0);
INSERT INTO tenantuser_systemactors (ms3_tenant_user_id, role) VALUES (97, 'DOCTOR');
INSERT INTO doctor_uffa_priority (id, general_priority, long_shift_priority, night_priority, partial_general_priority, partial_long_shift_priority, partial_night_priority, doctor_ms3_tenant_user_id, schedule_schedule_id) VALUES (97, 6, 5, 1, 6, 5, 1, 97, NULL);
INSERT INTO doctor_uffa_priority_snapshot (id, general_priority, long_shift_priority, night_priority, doctor_ms3_tenant_user_id, schedule_schedule_id) VALUES (97, 6, 5, 1, 97, NULL);
INSERT INTO doctor_holidays (doctor_holidays_id, holiday_map, doctor_ms3_tenant_user_id) VALUES (97, lo_from_bytea(0, decode('rO0ABXNyABFqYXZhLnV0aWwuSGFzaE1hcAUH2sHDFmDRAwACRgAKbG9hZEZhY3RvckkACXRocmVzaG9sZHhwP0AAAAAAAAB3CAAAABAAAAAAeA==', 'base64')), 97);
INSERT INTO preference (id, date) VALUES (193, '2026-07-12');
INSERT INTO preference_time_slots (preference_id, time_slots) VALUES (193, 1);
INSERT INTO preference_doctors (preference_id, doctors_ms3_tenant_user_id) VALUES (193, 97);
INSERT INTO doctor_preference_list (doctor_ms3_tenant_user_id, preference_list_id) VALUES (97, 193);
INSERT INTO preference (id, date) VALUES (194, '2026-07-13');
INSERT INTO preference_time_slots (preference_id, time_slots) VALUES (194, 2);
INSERT INTO preference_doctors (preference_id, doctors_ms3_tenant_user_id) VALUES (194, 97);
INSERT INTO doctor_preference_list (doctor_ms3_tenant_user_id, preference_list_id) VALUES (97, 194);
INSERT INTO doctor (ms3_tenant_user_id, birthday, email, lastname, name, password, tax_code, seniority) VALUES (98, '1978-01-19', 'doctor98@example.com', 'Cognome98', 'Nome98', 'password', 'TAXCODEX00000098', 1);
INSERT INTO tenantuser_systemactors (ms3_tenant_user_id, role) VALUES (98, 'DOCTOR');
INSERT INTO doctor_uffa_priority (id, general_priority, long_shift_priority, night_priority, partial_general_priority, partial_long_shift_priority, partial_night_priority, doctor_ms3_tenant_user_id, schedule_schedule_id) VALUES (98, 7, 6, 2, 7, 6, 2, 98, NULL);
INSERT INTO doctor_uffa_priority_snapshot (id, general_priority, long_shift_priority, night_priority, doctor_ms3_tenant_user_id, schedule_schedule_id) VALUES (98, 7, 6, 2, 98, NULL);
INSERT INTO doctor_holidays (doctor_holidays_id, holiday_map, doctor_ms3_tenant_user_id) VALUES (98, lo_from_bytea(0, decode('rO0ABXNyABFqYXZhLnV0aWwuSGFzaE1hcAUH2sHDFmDRAwACRgAKbG9hZEZhY3RvckkACXRocmVzaG9sZHhwP0AAAAAAAAB3CAAAABAAAAAAeA==', 'base64')), 98);
INSERT INTO preference (id, date) VALUES (195, '2026-07-14');
INSERT INTO preference_time_slots (preference_id, time_slots) VALUES (195, 2);
INSERT INTO preference_doctors (preference_id, doctors_ms3_tenant_user_id) VALUES (195, 98);
INSERT INTO doctor_preference_list (doctor_ms3_tenant_user_id, preference_list_id) VALUES (98, 195);
INSERT INTO preference (id, date) VALUES (196, '2026-07-15');
INSERT INTO preference_time_slots (preference_id, time_slots) VALUES (196, 0);
INSERT INTO preference_doctors (preference_id, doctors_ms3_tenant_user_id) VALUES (196, 98);
INSERT INTO doctor_preference_list (doctor_ms3_tenant_user_id, preference_list_id) VALUES (98, 196);
INSERT INTO doctor (ms3_tenant_user_id, birthday, email, lastname, name, password, tax_code, seniority) VALUES (99, '1978-02-18', 'doctor99@example.com', 'Cognome99', 'Nome99', 'password', 'TAXCODEX00000099', 2);
INSERT INTO tenantuser_systemactors (ms3_tenant_user_id, role) VALUES (99, 'DOCTOR');
INSERT INTO doctor_uffa_priority (id, general_priority, long_shift_priority, night_priority, partial_general_priority, partial_long_shift_priority, partial_night_priority, doctor_ms3_tenant_user_id, schedule_schedule_id) VALUES (99, 8, 0, 3, 8, 0, 3, 99, NULL);
INSERT INTO doctor_uffa_priority_snapshot (id, general_priority, long_shift_priority, night_priority, doctor_ms3_tenant_user_id, schedule_schedule_id) VALUES (99, 8, 0, 3, 99, NULL);
INSERT INTO doctor_holidays (doctor_holidays_id, holiday_map, doctor_ms3_tenant_user_id) VALUES (99, lo_from_bytea(0, decode('rO0ABXNyABFqYXZhLnV0aWwuSGFzaE1hcAUH2sHDFmDRAwACRgAKbG9hZEZhY3RvckkACXRocmVzaG9sZHhwP0AAAAAAAAB3CAAAABAAAAAAeA==', 'base64')), 99);
INSERT INTO preference (id, date) VALUES (197, '2026-07-16');
INSERT INTO preference_time_slots (preference_id, time_slots) VALUES (197, 0);
INSERT INTO preference_doctors (preference_id, doctors_ms3_tenant_user_id) VALUES (197, 99);
INSERT INTO doctor_preference_list (doctor_ms3_tenant_user_id, preference_list_id) VALUES (99, 197);
INSERT INTO preference (id, date) VALUES (198, '2026-07-17');
INSERT INTO preference_time_slots (preference_id, time_slots) VALUES (198, 1);
INSERT INTO preference_doctors (preference_id, doctors_ms3_tenant_user_id) VALUES (198, 99);
INSERT INTO doctor_preference_list (doctor_ms3_tenant_user_id, preference_list_id) VALUES (99, 198);
INSERT INTO doctor (ms3_tenant_user_id, birthday, email, lastname, name, password, tax_code, seniority) VALUES (100, '1978-03-20', 'doctor100@example.com', 'Cognome100', 'Nome100', 'password', 'TAXCODEX00000100', 0);
INSERT INTO tenantuser_systemactors (ms3_tenant_user_id, role) VALUES (100, 'DOCTOR');
INSERT INTO doctor_uffa_priority (id, general_priority, long_shift_priority, night_priority, partial_general_priority, partial_long_shift_priority, partial_night_priority, doctor_ms3_tenant_user_id, schedule_schedule_id) VALUES (100, 9, 1, 4, 9, 1, 4, 100, NULL);
INSERT INTO doctor_uffa_priority_snapshot (id, general_priority, long_shift_priority, night_priority, doctor_ms3_tenant_user_id, schedule_schedule_id) VALUES (100, 9, 1, 4, 100, NULL);
INSERT INTO doctor_holidays (doctor_holidays_id, holiday_map, doctor_ms3_tenant_user_id) VALUES (100, lo_from_bytea(0, decode('rO0ABXNyABFqYXZhLnV0aWwuSGFzaE1hcAUH2sHDFmDRAwACRgAKbG9hZEZhY3RvckkACXRocmVzaG9sZHhwP0AAAAAAAAB3CAAAABAAAAAAeA==', 'base64')), 100);
INSERT INTO preference (id, date) VALUES (199, '2026-07-18');
INSERT INTO preference_time_slots (preference_id, time_slots) VALUES (199, 1);
INSERT INTO preference_doctors (preference_id, doctors_ms3_tenant_user_id) VALUES (199, 100);
INSERT INTO doctor_preference_list (doctor_ms3_tenant_user_id, preference_list_id) VALUES (100, 199);
INSERT INTO preference (id, date) VALUES (200, '2026-07-19');
INSERT INTO preference_time_slots (preference_id, time_slots) VALUES (200, 2);
INSERT INTO preference_doctors (preference_id, doctors_ms3_tenant_user_id) VALUES (200, 100);
INSERT INTO doctor_preference_list (doctor_ms3_tenant_user_id, preference_list_id) VALUES (100, 200);
